username,statement_attitude_324,argument_rating_325,statement_attitude_325,argument_rating_326,statement_attitude_326,argument_rating_327,statement_attitude_327,argument_rating_328,statement_attitude_328,argument_rating_329,statement_attitude_329,argument_rating_330,statement_attitude_330,argument_rating_331,statement_attitude_331,argument_rating_332,statement_attitude_332,argument_rating_333,statement_attitude_333,argument_rating_334,statement_attitude_334,argument_rating_335,statement_attitude_335,argument_rating_336,statement_attitude_336,argument_rating_337,statement_attitude_337,argument_rating_338,statement_attitude_338,argument_rating_339,statement_attitude_339,argument_rating_340,statement_attitude_340,argument_rating_341,statement_attitude_341,argument_rating_342,statement_attitude_342,argument_rating_343,statement_attitude_343,argument_rating_344,statement_attitude_344,argument_rating_345,statement_attitude_345,argument_rating_346,statement_attitude_346,argument_rating_347,statement_attitude_347,argument_rating_348,statement_attitude_348,argument_rating_349,statement_attitude_349,argument_rating_350,statement_attitude_350,argument_rating_351,statement_attitude_351,argument_rating_352,statement_attitude_352,argument_rating_353,statement_attitude_353,argument_rating_354,statement_attitude_354,argument_rating_355,statement_attitude_355,argument_rating_356,statement_attitude_356,argument_rating_357,statement_attitude_357,argument_rating_358,statement_attitude_358,argument_rating_359,statement_attitude_359,argument_rating_360,statement_attitude_360,argument_rating_361,statement_attitude_361,argument_rating_362,statement_attitude_362,statement_attitude_363,argument_rating_364,statement_attitude_364,argument_rating_365,statement_attitude_365,argument_rating_366,statement_attitude_366,argument_rating_367,statement_attitude_367,argument_rating_368,statement_attitude_368,argument_rating_369,statement_attitude_369,argument_rating_370,statement_attitude_370,argument_rating_371,statement_attitude_371,argument_rating_372,statement_attitude_372,argument_rating_373,statement_attitude_373,argument_rating_374,statement_attitude_374,argument_rating_375,statement_attitude_375,argument_rating_376,statement_attitude_376,argument_rating_377,statement_attitude_377,argument_rating_378,statement_attitude_378,argument_rating_379,statement_attitude_379,argument_rating_380,statement_attitude_380,argument_rating_381,statement_attitude_381,argument_rating_382,statement_attitude_382,argument_rating_383,statement_attitude_383,argument_rating_384,statement_attitude_384,argument_rating_385,statement_attitude_385,argument_rating_386,statement_attitude_386,argument_rating_387,statement_attitude_387,argument_rating_388,statement_attitude_388,argument_rating_389,statement_attitude_389,argument_rating_390,statement_attitude_390,argument_rating_391,statement_attitude_391,argument_rating_392,statement_attitude_392,argument_rating_393,statement_attitude_393,argument_rating_394,statement_attitude_394,argument_rating_395,statement_attitude_395,argument_rating_396,statement_attitude_396,argument_rating_398,statement_attitude_398,argument_rating_399,statement_attitude_399,position_rating_after_324,position_rating_after_363
upeki_pretest_2_100,1,,,,,,,,,,,,,1.0,1.0,,,,,,,,,,,1.0,1.0,,,,,3.0,1.0,,,4.0,1.0,2.0,0.0,,,1.0,0.0,,,,,3.0,1.0,,,,,,,,,,,3.0,0.0,2.0,0.0,,,,,,,,,3.0,0.0,,,,,1,,,,,2.0,0.0,,,,,,,,,,,,,4.0,0.0,3.0,0.0,,,,,,,,,3.0,0.0,,,,,,,,,3.0,0.0,,,,,3.0,0.0,3.0,0.0,,,3.0,0.0,,,,,,,,,,,,,,,,,4,4
upeki_pretest_2_101,1,,,6.0,1.0,,,6.0,1.0,,,,,,,,,,,6.0,1.0,,,,,,,,,,,0.0,0.0,,,6.0,1.0,3.0,0.0,,,,,,,,,0.0,0.0,,,,,,,,,,,,,,,,,,,0.0,0.0,,,,,,,,,1,,,,,,,,,,,,,,,,,,,3.0,0.0,6.0,1.0,,,,,,,,,,,,,0.0,0.0,,,,,0.0,0.0,0.0,0.0,,,,,,,,,,,0.0,0.0,0.0,0.0,,,0.0,0.0,,,,,0.0,0.0,,,6,6
upeki_pretest_2_104,0,,,,,3.0,0.0,,,,,5.0,0.0,,,,,2.0,0.0,,,,,,,,,,,,,,,3.0,0.0,,,,,,,,,,,5.0,0.0,,,5.0,0.0,,,,,6.0,0.0,,,,,6.0,0.0,3.0,0.0,,,6.0,0.0,,,,,,,,,0,1.0,0.0,,,,,,,1.0,0.0,,,,,,,,,,,1.0,0.0,1.0,0.0,,,1.0,0.0,,,1.0,0.0,,,,,,,1.0,1.0,,,1.0,1.0,3.0,1.0,,,,,,,,,,,,,,,,,,,,,,,,,5,5
upeki_pretest_2_105,1,,,4.0,1.0,,,,,2.0,1.0,,,,,,,,,,,,,3.0,1.0,,,,,,,,,,,2.0,1.0,,,,,,,,,,,,,,,3.0,1.0,3.0,1.0,3.0,1.0,,,4.0,1.0,,,,,,,3.0,1.0,,,,,,,,,1,,,,,5.0,1.0,,,,,3.0,1.0,,,,,,,5.0,1.0,4.0,1.0,3.0,1.0,,,,,,,,,,,3.0,0.0,,,,,,,,,3.0,1.0,,,,,2.0,0.0,,,,,,,,,,,,,2.0,0.0,,,,,2,4
upeki_pretest_2_106,1,,,,,,,,,6.0,1.0,,,,,6.0,1.0,,,6.0,1.0,,,,,,,,,,,,,6.0,1.0,,,,,,,,,,,,,,,3.0,0.0,3.0,0.0,,,,,3.0,0.0,,,,,,,3.0,0.0,3.0,0.0,,,,,,,,,1,,,,,,,,,,,6.0,1.0,6.0,1.0,6.0,1.0,,,,,6.0,1.0,,,,,,,,,,,,,,,,,,,,,,,0.0,0.0,,,0.0,0.0,,,0.0,0.0,0.0,0.0,,,,,0.0,0.0,,,0.0,0.0,,,,,6,6
upeki_pretest_2_107,0,3.0,0.0,,,,,3.0,1.0,,,,,,,,,3.0,1.0,4.0,0.0,,,,,,,3.0,1.0,,,2.0,1.0,4.0,1.0,,,,,,,,,,,,,,,3.0,1.0,,,,,,,4.0,1.0,,,,,,,,,,,2.0,0.0,,,,,,,0,,,2.0,1.0,,,,,,,4.0,0.0,,,,,,,,,,,3.0,1.0,3.0,1.0,,,,,,,,,,,2.0,0.0,3.0,0.0,,,,,,,,,4.0,0.0,,,,,,,,,,,,,1.0,1.0,3.0,1.0,,,,,6,5
upeki_pretest_2_108,0,,,2.0,0.0,,,,,,,,,,,1.0,0.0,,,2.0,1.0,,,,,5.0,1.0,,,,,,,,,5.0,1.0,2.0,0.0,,,,,1.0,0.0,5.0,1.0,,,,,,,,,,,,,,,,,3.0,1.0,,,,,,,,,,,2.0,1.0,1,,,,,,,,,,,,,,,6.0,1.0,,,6.0,1.0,,,6.0,1.0,,,6.0,1.0,,,,,,,,,0.0,0.0,,,,,1.0,0.0,,,2.0,0.0,,,,,,,0.0,0.0,,,,,,,1.0,0.0,,,,,,,1,4
upeki_pretest_2_109,1,,,,,,,,,,,,,2.0,0.0,,,,,2.0,0.0,,,,,,,,,,,,,,,,,,,2.0,1.0,,,2.0,0.0,3.0,0.0,,,3.0,1.0,,,2.0,1.0,,,,,,,,,,,,,0.0,0.0,0.0,0.0,,,,,0.0,1.0,1,,,,,,,,,,,,,,,,,,,0.0,0.0,0.0,0.0,,,,,,,,,,,,,4.0,1.0,4.0,1.0,,,,,,,0.0,0.0,,,,,4.0,1.0,,,,,,,,,0.0,1.0,,,4.0,1.0,4.0,1.0,,,3,3
upeki_pretest_2_110,1,,,,,,,,,,,4.0,1.0,3.0,1.0,,,,,4.0,1.0,,,3.0,1.0,,,,,,,,,,,4.0,1.0,,,,,3.0,1.0,3.0,0.0,,,,,,,,,,,,,1.0,0.0,,,,,,,,,3.0,1.0,,,,,,,,,1,,,,,,,,,,,,,,,,,,,4.0,1.0,,,,,5.0,1.0,4.0,1.0,,,,,,,,,,,,,,,,,,,2.0,0.0,,,2.0,0.0,2.0,0.0,3.0,0.0,,,,,4.0,1.0,,,,,,,4.0,1.0,3,5
upeki_pretest_2_111,1,4.0,1.0,,,,,,,,,,,,,,,,,,,,,,,2.0,0.0,,,,,0.0,0.0,,,,,,,,,6.0,1.0,,,1.0,0.0,,,4.0,1.0,,,,,,,,,,,,,,,0.0,0.0,6.0,1.0,4.0,0.0,,,,,,,1,,,,,,,,,6.0,1.0,,,,,,,,,,,,,6.0,1.0,,,,,6.0,1.0,,,4.0,0.0,,,,,,,1.0,0.0,3.0,1.0,,,,,4.0,0.0,,,4.0,0.0,,,3.0,0.0,,,,,,,4.0,0.0,,,,,6,6
upeki_pretest_2_113,1,,,0.0,0.0,,,,,,,,,,,0.0,0.0,,,,,,,,,0.0,0.0,0.0,0.0,,,,,0.0,0.0,,,,,,,,,0.0,0.0,,,,,,,,,,,0.0,0.0,,,0.0,0.0,0.0,0.0,,,0.0,0.0,,,,,,,,,,,1,,,,,3.0,1.0,,,,,3.0,1.0,,,,,,,,,,,,,4.0,1.0,,,,,,,6.0,1.0,,,2.0,1.0,,,,,,,,,,,3.0,0.0,,,3.0,1.0,,,,,,,,,,,3.0,1.0,,,2.0,1.0,6,6
upeki_pretest_2_114,1,,,,,,,,,,,6.0,0.0,,,,,,,,,5.0,0.0,,,,,,,5.0,0.0,,,,,5.0,1.0,,,,,,,,,,,2.0,0.0,,,2.0,0.0,2.0,0.0,,,,,,,,,,,,,2.0,0.0,,,,,2.0,0.0,,,1,,,,,,,5.0,1.0,6.0,1.0,,,6.0,1.0,,,,,2.0,1.0,6.0,1.0,,,,,,,,,,,,,,,,,2.0,0.0,,,,,3.0,0.0,,,,,1.0,0.0,,,,,,,,,,,,,,,3.0,0.0,,,3,5
upeki_pretest_2_115,1,,,,,,,6.0,1.0,,,,,,,,,,,,,,,,,,,,,,,6.0,1.0,6.0,1.0,5.0,0.0,5.0,1.0,,,,,,,,,0.0,0.0,,,,,,,1.0,0.0,0.0,0.0,,,,,,,0.0,0.0,,,,,,,,,,,1,,,,,,,,,6.0,1.0,,,,,6.0,1.0,,,,,,,,,,,,,6.0,1.0,,,,,,,,,,,0.0,0.0,0.0,0.0,,,,,,,0.0,0.0,0.0,0.0,,,,,,,,,0.0,0.0,,,0.0,0.0,,,6,5
upeki_pretest_2_117,1,,,6.0,1.0,,,,,,,,,,,,,,,,,,,6.0,1.0,,,6.0,1.0,,,6.0,1.0,6.0,1.0,,,4.0,1.0,,,,,,,,,1.0,0.0,,,,,,,,,,,,,,,1.0,0.0,,,,,1.0,1.0,,,0.0,0.0,,,1,,,,,,,6.0,1.0,,,,,,,,,,,,,6.0,1.0,,,3.0,0.0,,,,,5.0,1.0,3.0,0.0,,,2.0,0.0,,,2.0,0.0,,,,,,,2.0,0.0,,,,,2.0,0.0,,,,,3.0,0.0,,,,,,,,,5,4
upeki_pretest_2_118,1,,,,,,,,,,,,,,,,,6.0,1.0,6.0,1.0,,,,,6.0,1.0,,,,,,,6.0,1.0,6.0,1.0,6.0,1.0,0.0,0.0,0.0,0.0,,,,,,,,,,,,,0.0,0.0,,,,,,,,,,,,,,,,,0.0,0.0,,,1,6.0,1.0,,,,,,,,,,,6.0,1.0,,,,,6.0,1.0,6.0,1.0,,,,,,,,,6.0,1.0,,,,,,,0.0,1.0,,,,,0.0,1.0,,,,,,,,,0.0,1.0,,,,,,,,,,,,,,,6,6
upeki_pretest_2_119,1,,,,,,,,,,,,,,,,,,,6.0,1.0,,,,,,,,,6.0,1.0,6.0,1.0,,,,,,,0.0,0.0,,,0.0,0.0,,,,,1.0,0.0,,,0.0,0.0,,,,,,,,,,,,,0.0,0.0,3.0,0.0,,,,,0.0,0.0,1,6.0,1.0,,,,,,,6.0,1.0,,,,,,,,,,,,,4.0,1.0,,,6.0,1.0,,,,,,,,,,,,,,,3.0,1.0,,,3.0,0.0,3.0,0.0,,,,,,,,,0.0,0.0,,,,,,,,,4.0,1.0,5,6
upeki_pretest_2_121,0,,,,,,,,,5.0,1.0,5.0,1.0,,,3.0,1.0,5.0,1.0,4.0,1.0,,,4.0,1.0,4.0,1.0,,,,,,,,,,,,,,,,,,,,,,,,,,,,,,,,,,,,,,,3.0,1.0,,,,,3.0,1.0,,,,,1,,,4.0,1.0,,,,,,,,,,,,,,,,,,,,,5.0,1.0,,,,,,,,,,,,,,,,,4.0,0.0,,,3.0,0.0,,,4.0,1.0,,,,,,,3.0,1.0,,,,,3.0,1.0,,,,,4,6
upeki_pretest_2_122,1,3.0,0.0,,,,,,,3.0,1.0,2.0,0.0,,,,,,,,,,,,,3.0,1.0,,,,,,,,,,,,,4.0,0.0,2.0,1.0,,,,,,,,,,,,,,,3.0,1.0,,,3.0,0.0,3.0,0.0,,,3.0,0.0,,,,,,,,,1,,,,,3.0,1.0,,,,,,,,,,,3.0,0.0,,,,,,,,,,,,,,,,,,,,,,,3.0,0.0,,,4.0,0.0,,,,,2.0,1.0,,,3.0,1.0,3.0,0.0,2.0,0.0,,,3.0,1.0,,,,,,,2,3
upeki_pretest_2_123,1,,,,,6.0,1.0,,,,,,,4.0,1.0,,,,,,,,,6.0,1.0,,,,,,,,,4.0,1.0,,,,,4.0,0.0,,,0.0,0.0,,,,,,,,,,,,,0.0,0.0,0.0,0.0,,,0.0,0.0,,,,,,,,,,,,,1,,,,,,,,,,,,,6.0,1.0,6.0,1.0,6.0,1.0,,,,,,,,,,,6.0,1.0,,,6.0,1.0,,,,,,,3.0,0.0,,,,,,,,,,,,,0.0,0.0,0.0,0.0,,,,,,,,,,,6.0,1.0,6,6
upeki_pretest_2_124,1,6.0,1.0,,,,,6.0,1.0,,,,,,,,,,,,,6.0,1.0,,,,,,,,,,,,,,,5.0,1.0,3.0,1.0,6.0,1.0,,,,,3.0,1.0,,,,,,,,,,,,,,,,,6.0,0.0,6.0,1.0,,,,,,,,,1,6.0,1.0,6.0,1.0,,,,,6.0,1.0,,,6.0,1.0,,,,,,,,,,,,,,,,,,,,,,,,,,,,,,,,,,,1.0,0.0,,,4.0,0.0,,,,,5.0,0.0,1.0,0.0,,,,,,,,,6,6
upeki_pretest_2_125,1,,,,,,,,,6.0,0.0,,,6.0,1.0,,,6.0,0.0,,,,,6.0,1.0,,,,,,,,,3.0,1.0,,,,,0.0,0.0,,,,,,,6.0,1.0,,,,,6.0,0.0,,,,,,,6.0,1.0,6.0,0.0,,,,,,,,,,,,,1,,,,,,,,,,,,,,,,,,,,,6.0,1.0,,,,,6.0,1.0,6.0,1.0,,,,,,,,,6.0,0.0,,,,,3.0,0.0,,,6.0,0.0,2.0,1.0,,,,,,,,,6.0,1.0,,,,,0.0,0.0,6.0,1.0,6,6
upeki_pretest_2_126,1,,,,,6.0,1.0,,,,,3.0,1.0,,,,,,,,,,,,,,,,,5.0,1.0,,,,,,,3.0,0.0,5.0,1.0,,,,,,,,,,,,,3.0,0.0,5.0,1.0,,,,,5.0,1.0,,,4.0,1.0,,,,,,,1.0,0.0,,,1,6.0,1.0,6.0,1.0,5.0,1.0,,,,,,,,,4.0,1.0,6.0,1.0,,,,,6.0,1.0,,,,,6.0,1.0,,,4.0,1.0,,,,,,,,,,,,,,,,,,,,,4.0,1.0,,,,,,,,,,,,,,,0,4
upeki_pretest_2_128,0,,,,,,,1.0,0.0,,,,,,,,,3.0,1.0,,,,,0.0,1.0,5.0,1.0,,,4.0,1.0,,,1.0,0.0,,,,,,,,,,,,,0.0,0.0,,,,,,,,,,,,,,,,,,,,,,,1.0,1.0,,,4.0,1.0,0,,,,,4.0,1.0,,,6.0,1.0,,,1.0,0.0,5.0,1.0,,,,,4.0,1.0,,,,,6.0,1.0,,,0.0,0.0,,,,,,,,,,,0.0,0.0,,,,,,,,,,,0.0,0.0,,,,,,,,,,,,,,,4,2
upeki_pretest_2_129,1,,,5.0,0.0,3.0,0.0,,,3.0,0.0,,,,,3.0,0.0,,,,,5.0,0.0,,,,,,,,,,,,,3.0,0.0,3.0,1.0,,,,,,,,,,,,,,,,,,,,,6.0,1.0,,,,,,,,,5.0,1.0,,,,,,,1,6.0,1.0,,,6.0,1.0,,,,,,,,,4.0,1.0,,,,,,,,,,,,,,,6.0,1.0,,,,,,,0.0,0.0,1.0,0.0,,,,,,,,,2.0,0.0,,,,,,,0.0,0.0,,,,,,,,,,,5,6
upeki_pretest_2_133,1,,,4.0,1.0,,,,,,,,,4.0,1.0,,,,,3.0,1.0,,,4.0,1.0,,,,,4.0,1.0,,,,,,,,,,,4.0,1.0,,,5.0,1.0,,,,,4.0,1.0,,,,,,,,,,,4.0,1.0,,,,,,,,,4.0,1.0,,,1,,,,,6.0,1.0,,,,,,,6.0,1.0,,,,,,,6.0,1.0,,,,,,,6.0,1.0,,,,,,,,,5.0,0.0,5.0,1.0,,,,,,,,,,,,,,,,,5.0,1.0,,,,,5.0,1.0,,,,,5,6
upeki_pretest_2_134,1,,,,,,,5.0,1.0,,,,,4.0,1.0,,,4.0,1.0,,,6.0,1.0,,,,,6.0,1.0,,,,,,,5.0,1.0,,,,,,,,,,,0.0,0.0,,,,,1.0,0.0,1.0,0.0,,,,,,,,,,,,,,,,,1.0,0.0,,,1,6.0,1.0,,,,,,,,,6.0,1.0,,,,,5.0,0.0,,,,,,,6.0,1.0,,,,,,,,,2.0,0.0,1.0,0.0,,,,,,,,,,,,,,,,,,,,,3.0,1.0,,,0.0,0.0,,,,,4.0,1.0,6,4
upeki_pretest_2_135,1,,,6.0,1.0,,,,,5.0,1.0,,,,,1.0,0.0,,,,,,,,,2.0,0.0,,,,,,,,,5.0,1.0,,,,,,,,,,,1.0,0.0,,,,,,,,,2.0,0.0,6.0,1.0,,,,,,,,,,,,,,,2.0,0.0,1,,,,,6.0,1.0,6.0,1.0,6.0,1.0,,,6.0,1.0,,,,,,,5.0,1.0,4.0,1.0,,,,,,,,,,,,,,,2.0,0.0,,,,,,,,,,,0.0,0.0,,,,,,,,,1.0,0.0,,,,,,,,,3,4
upeki_pretest_2_137,1,,,,,,,,,,,,,4.0,1.0,,,,,5.0,1.0,,,,,,,5.0,1.0,,,,,,,5.0,1.0,3.0,1.0,3.0,0.0,4.0,1.0,,,,,,,,,,,,,,,,,,,,,3.0,1.0,,,,,,,3.0,1.0,,,,,0,,,,,,,,,,,,,,,,,,,,,,,,,,,,,,,3.0,1.0,,,,,,,,,3.0,1.0,5.0,1.0,,,4.0,1.0,4.0,1.0,,,,,,,,,4.0,1.0,6.0,1.0,,,,,,,2.0,0.0,3,4
upeki_pretest_2_138,1,,,,,,,,,,,,,3.0,1.0,,,,,5.0,1.0,,,,,,,,,,,,,,,,,4.0,1.0,,,,,1.0,0.0,,,,,,,,,,,,,,,,,,,,,1.0,1.0,1.0,0.0,1.0,0.0,,,,,3.0,1.0,1,,,,,,,,,,,,,5.0,1.0,,,,,,,5.0,1.0,5.0,1.0,,,5.0,1.0,,,,,,,,,,,,,1.0,0.0,1.0,0.0,,,,,,,,,,,1.0,0.0,,,,,,,,,,,,,5.0,1.0,5,5
upeki_pretest_2_139,0,,,,,,,,,,,,,,,0.0,0.0,,,,,,,,,3.0,0.0,,,,,0.0,0.0,,,,,6.0,0.0,5.0,1.0,,,,,1.0,0.0,,,,,,,,,6.0,1.0,,,,,,,1.0,0.0,3.0,1.0,,,,,,,,,,,1,,,,,,,6.0,1.0,6.0,1.0,5.0,1.0,6.0,1.0,,,,,,,,,,,,,,,,,,,,,0.0,0.0,,,,,0.0,0.0,,,,,,,,,,,,,,,,,,,,,0.0,0.0,,,,,6.0,1.0,2,6
upeki_pretest_2_140,0,,,4.0,1.0,,,,,2.0,0.0,,,,,4.0,0.0,,,3.0,0.0,,,,,,,5.0,1.0,,,0.0,0.0,,,,,,,,,,,,,,,,,,,,,5.0,1.0,,,,,6.0,1.0,5.0,1.0,,,,,6.0,1.0,,,,,,,,,1,6.0,1.0,,,6.0,1.0,,,,,,,,,,,,,,,,,6.0,1.0,6.0,1.0,,,,,,,,,0.0,0.0,,,,,,,6.0,1.0,,,,,6.0,1.0,,,,,6.0,1.0,6.0,1.0,,,,,,,,,,,,,4,6
upeki_pretest_2_142,1,,,,,,,5.0,0.0,,,4.0,1.0,,,5.0,1.0,,,4.0,1.0,,,4.0,1.0,,,,,,,,,,,,,,,,,,,1.0,0.0,,,,,,,2.0,0.0,1.0,0.0,,,,,,,,,,,,,1.0,0.0,0.0,0.0,,,,,,,1,,,,,,,,,4.0,1.0,3.0,0.0,,,,,3.0,0.0,,,,,1.0,0.0,,,,,,,,,0.0,0.0,,,,,4.0,1.0,,,,,,,,,,,,,,,3.0,0.0,,,,,,,,,,,5.0,1.0,3.0,0.0,5,5
upeki_pretest_2_143,0,,,,,,,,,3.0,0.0,,,3.0,1.0,,,,,,,3.0,1.0,,,,,,,3.0,0.0,3.0,0.0,,,,,,,,,,,3.0,1.0,,,6.0,1.0,6.0,1.0,,,,,,,,,,,,,,,,,,,3.0,1.0,3.0,1.0,,,,,1,,,,,,,,,,,3.0,1.0,,,,,,,,,3.0,0.0,3.0,1.0,,,,,,,,,3.0,1.0,,,,,,,,,,,,,,,,,,,3.0,0.0,,,,,,,3.0,0.0,,,3.0,0.0,3.0,1.0,,,6,6
upeki_pretest_2_144,1,,,,,6.0,0.0,,,,,,,,,,,,,,,6.0,0.0,,,,,,,6.0,0.0,,,,,6.0,0.0,,,0.0,0.0,0.0,0.0,,,0.0,0.0,,,,,,,,,,,,,,,,,,,0.0,0.0,3.0,0.0,,,,,,,0.0,0.0,1,6.0,1.0,,,6.0,1.0,,,,,6.0,1.0,,,,,,,,,,,,,,,,,,,,,,,0.0,0.0,,,,,1.0,1.0,,,,,,,1.0,1.0,,,,,,,,,,,2.0,1.0,,,,,1.0,1.0,,,6,6
upeki_pretest_2_145,1,,,2.0,0.0,,,,,,,,,2.0,0.0,,,,,,,,,4.0,1.0,,,,,,,,,3.0,1.0,,,,,,,,,,,,,,,,,,,,,,,1.0,0.0,4.0,1.0,3.0,1.0,,,3.0,1.0,4.0,1.0,,,,,,,,,1,,,,,,,4.0,1.0,,,,,,,4.0,1.0,,,3.0,0.0,,,,,,,,,,,,,,,1.0,0.0,,,,,,,,,,,,,2.0,0.0,,,,,,,,,3.0,1.0,,,4.0,1.0,,,1.0,0.0,4.0,1.0,2,1
upeki_pretest_2_146,0,,,,,,,,,,,,,,,,,,,4.0,1.0,,,,,,,5.0,1.0,2.0,1.0,,,4.0,0.0,3.0,0.0,,,,,,,,,4.0,0.0,5.0,1.0,,,,,3.0,1.0,,,,,,,,,5.0,1.0,,,,,,,,,4.0,1.0,,,1,6.0,1.0,,,6.0,1.0,,,6.0,1.0,,,,,,,5.0,1.0,2.0,0.0,,,,,4.0,0.0,5.0,1.0,,,,,,,,,,,,,,,,,,,,,,,,,2.0,0.0,,,,,,,,,1.0,0.0,,,,,,,4,5
upeki_pretest_2_147,1,,,3.0,1.0,,,,,3.0,1.0,,,,,3.0,1.0,,,,,,,4.0,1.0,,,3.0,1.0,3.0,1.0,,,,,,,3.0,1.0,,,,,,,,,,,3.0,1.0,,,,,,,,,,,3.0,1.0,,,,,,,3.0,0.0,,,,,,,0,4.0,1.0,,,,,6.0,1.0,,,4.0,1.0,,,,,,,,,,,,,5.0,1.0,,,,,,,5.0,1.0,,,4.0,1.0,,,,,3.0,1.0,,,,,,,,,,,,,3.0,1.0,,,,,,,3.0,0.0,,,,,5,3
upeki_pretest_2_148,0,0.0,0.0,,,,,,,,,0.0,0.0,0.0,0.0,0.0,0.0,0.0,0.0,0.0,0.0,,,,,,,,,,,,,,,,,,,,,,,,,,,,,,,,,,,6.0,1.0,6.0,1.0,,,6.0,1.0,,,,,,,,,6.0,1.0,,,,,0,,,0.0,0.0,0.0,0.0,,,0.0,0.0,,,,,,,,,,,,,,,,,0.0,0.0,,,,,,,6.0,1.0,,,6.0,1.0,,,,,6.0,1.0,,,,,,,,,6.0,1.0,6.0,1.0,,,,,,,,,,,,,6,6
upeki_pretest_2_149,1,3.0,0.0,,,6.0,1.0,,,,,,,,,4.0,1.0,,,6.0,1.0,5.0,1.0,,,,,5.0,1.0,,,,,,,,,,,1.0,0.0,,,,,,,,,,,,,,,,,0.0,0.0,,,2.0,0.0,,,,,,,,,,,,,,,1,,,,,,,5.0,1.0,,,,,,,,,,,4.0,1.0,,,,,,,,,,,6.0,1.0,,,,,,,,,1.0,0.0,,,,,,,,,0.0,0.0,,,0.0,0.0,,,,,0.0,0.0,0.0,0.0,,,,,,,6,5
upeki_pretest_2_151,1,,,,,3.0,0.0,,,,,,,,,,,,,,,3.0,0.0,,,3.0,0.0,,,,,,,3.0,0.0,,,,,,,,,,,,,,,,,,,,,,,,,3.0,0.0,,,,,3.0,0.0,3.0,0.0,,,3.0,0.0,,,0.0,0.0,1,3.0,0.0,,,,,,,,,,,,,3.0,1.0,,,3.0,1.0,,,,,3.0,0.0,,,,,,,,,3.0,0.0,,,,,,,,,,,3.0,0.0,,,,,,,,,,,,,,,3.0,0.0,,,,,,,6,6
upeki_pretest_2_152,1,,,,,,,,,,,,,,,,,3.0,0.0,,,,,3.0,1.0,,,,,,,,,3.0,1.0,,,0.0,0.0,,,,,0.0,0.0,,,,,0.0,0.0,,,,,,,0.0,0.0,0.0,0.0,,,,,,,,,0.0,0.0,,,,,,,1,,,,,,,,,,,0.0,1.0,,,5.0,1.0,,,0.0,1.0,6.0,1.0,,,,,,,,,,,,,,,,,,,,,,,,,,,,,0.0,0.0,0.0,0.0,,,0.0,0.0,,,,,0.0,0.0,,,,,,,3,6
upeki_pretest_2_155,1,,,,,,,,,,,5.0,1.0,,,,,2.0,0.0,,,,,,,,,,,,,,,5.0,1.0,,,,,0.0,0.0,1.0,0.0,0.0,0.0,0.0,0.0,0.0,0.0,,,,,,,,,0.0,0.0,,,,,0.0,0.0,,,,,,,,,,,,,1,,,,,,,,,,,,,,,,,,,,,,,,,,,,,,,,,,,,,,,0.0,0.0,0.0,0.0,0.0,0.0,,,,,,,1.0,0.0,1.0,0.0,,,2.0,0.0,1.0,0.0,3.0,0.0,,,,,,,,,5,6
upeki_pretest_2_156,1,,,3.0,0.0,4.0,1.0,2.0,0.0,,,,,,,2.0,0.0,,,,,,,5.0,1.0,,,,,,,,,3.0,0.0,,,,,,,5.0,1.0,,,,,,,,,,,,,,,,,5.0,1.0,3.0,0.0,,,,,,,,,,,,,1.0,0.0,1,6.0,1.0,,,,,,,,,,,,,,,,,,,,,,,,,,,,,,,4.0,1.0,,,1.0,0.0,,,,,3.0,1.0,0.0,0.0,,,,,,,1.0,0.0,,,1.0,0.0,,,,,,,1.0,0.0,5.0,1.0,,,5,6
upeki_pretest_2_157,1,0.0,1.0,,,4.0,1.0,6.0,1.0,,,,,,,,,4.0,1.0,3.0,0.0,,,,,,,,,,,2.0,0.0,,,,,,,,,,,,,,,,,,,,,,,0.0,0.0,,,,,,,,,,,3.0,0.0,,,,,,,,,1,,,6.0,1.0,,,,,6.0,1.0,,,6.0,1.0,,,6.0,1.0,6.0,1.0,,,,,,,,,6.0,1.0,,,,,,,,,0.0,0.0,,,,,,,,,0.0,0.0,,,,,,,0.0,0.0,,,,,,,,,,,,,6,6
upeki_pretest_2_159,1,,,,,5.0,1.0,,,5.0,1.0,,,,,5.0,1.0,,,,,,,1.0,1.0,,,,,,,,,4.0,1.0,1.0,0.0,,,1.0,0.0,,,,,,,,,,,,,5.0,0.0,,,,,,,1.0,0.0,,,,,,,,,,,,,1.0,0.0,1,5.0,1.0,,,,,5.0,1.0,,,,,,,,,,,,,,,,,1.0,0.0,,,5.0,1.0,,,1.0,1.0,1.0,0.0,,,,,,,,,,,,,,,,,,,,,,,,,4.0,0.0,1.0,0.0,1.0,0.0,,,,,6,5
upeki_pretest_2_160,1,,,,,5.0,1.0,,,,,,,,,,,,,,,,,,,,,,,,,3.0,1.0,,,,,,,4.0,1.0,5.0,1.0,,,2.0,1.0,,,,,6.0,1.0,,,,,3.0,0.0,,,,,,,,,,,6.0,0.0,,,,,5.0,0.0,1,,,,,,,4.0,1.0,,,,,,,,,,,,,,,,,,,,,2.0,0.0,,,,,,,3.0,1.0,,,,,,,,,,,,,3.0,0.0,,,5.0,0.0,,,,,4.0,1.0,,,4.0,1.0,5.0,1.0,,,4,5
upeki_pretest_2_162,1,,,,,4.0,0.0,,,,,,,,,,,,,,,4.0,1.0,5.0,0.0,,,5.0,1.0,2.0,0.0,2.0,0.0,,,,,,,3.0,0.0,,,,,,,,,,,2.0,0.0,,,,,,,,,,,,,,,,,2.0,0.0,,,,,,,1,5.0,1.0,,,,,2.0,0.0,6.0,1.0,,,,,,,5.0,1.0,,,,,4.0,1.0,,,,,,,,,,,,,,,,,3.0,1.0,,,,,,,,,,,1.0,0.0,,,,,,,,,,,,,,,,,3,5
upeki_pretest_2_164,0,,,6.0,1.0,,,2.0,1.0,,,3.0,1.0,,,,,,,,,,,,,,,,,,,,,,,,,,,4.0,1.0,,,,,,,,,,,,,,,5.0,1.0,,,,,,,,,,,5.0,1.0,,,4.0,1.0,6.0,1.0,,,1,6.0,1.0,,,,,,,,,,,6.0,1.0,6.0,1.0,,,2.0,1.0,,,,,,,5.0,1.0,,,,,,,2.0,0.0,,,,,,,5.0,1.0,3.0,0.0,,,,,,,,,,,,,,,1.0,0.0,2.0,0.0,,,,,,,5,6
upeki_pretest_2_166,0,3.0,0.0,,,4.0,1.0,2.0,0.0,3.0,0.0,,,,,,,,,,,2.0,0.0,,,,,,,,,,,,,,,,,,,,,5.0,1.0,,,,,,,,,,,,,,,6.0,1.0,,,,,5.0,0.0,,,,,,,,,,,1,5.0,1.0,6.0,1.0,,,,,,,,,,,3.0,0.0,5.0,1.0,,,,,,,,,,,,,,,,,,,,,,,,,,,,,,,0.0,0.0,0.0,0.0,,,,,,,,,,,,,0.0,0.0,,,,,4,5
upeki_pretest_2_167,0,,,3.0,1.0,4.0,1.0,,,,,,,,,,,,,,,,,,,4.0,1.0,4.0,1.0,3.0,1.0,4.0,1.0,,,,,,,,,4.0,1.0,,,,,,,,,,,,,,,4.0,1.0,,,,,,,,,,,,,4.0,0.0,,,,,1,,,5.0,1.0,5.0,1.0,,,,,,,5.0,1.0,,,,,,,,,,,,,,,,,,,,,,,5.0,1.0,,,5.0,1.0,4.0,1.0,4.0,1.0,,,4.0,1.0,,,,,,,,,,,,,,,5.0,1.0,,,5.0,1.0,4,5
upeki_pretest_2_168,1,,,,,,,2.0,1.0,,,,,,,2.0,1.0,,,,,4.0,1.0,,,,,,,3.0,1.0,,,,,,,,,4.0,1.0,,,,,,,,,,,3.0,0.0,,,,,,,,,,,,,,,4.0,1.0,3.0,0.0,,,4.0,1.0,4.0,1.0,1,,,,,,,,,,,,,,,,,,,,,,,,,,,,,,,5.0,1.0,4.0,1.0,,,,,,,,,4.0,1.0,,,,,,,,,,,,,2.0,0.0,3.0,0.0,4.0,0.0,,,4.0,0.0,,,,,5,3
upeki_pretest_2_169,1,,,,,,,,,,,4.0,0.0,3.0,0.0,,,,,5.0,0.0,2.0,0.0,,,,,3.0,0.0,,,,,,,,,,,2.0,0.0,3.0,0.0,,,,,,,,,3.0,0.0,,,,,,,,,,,,,2.0,0.0,2.0,0.0,,,,,,,,,1,,,,,,,,,,,,,4.0,0.0,,,,,,,3.0,1.0,,,2.0,1.0,,,2.0,1.0,3.0,1.0,,,,,,,,,,,3.0,0.0,,,,,,,,,,,,,,,,,,,,,,,,,,,4,3
upeki_pretest_2_170,1,,,,,6.0,1.0,4.0,1.0,,,,,5.0,1.0,5.0,1.0,4.0,1.0,5.0,1.0,,,,,,,,,,,,,,,6.0,0.0,,,,,3.0,0.0,,,,,,,,,,,,,4.0,0.0,,,,,3.0,0.0,,,,,,,,,,,,,,,0,3.0,0.0,3.0,0.0,,,,,,,,,,,,,,,,,,,3.0,0.0,,,3.0,0.0,3.0,0.0,,,,,,,,,,,,,6.0,1.0,,,,,,,,,6.0,1.0,6.0,1.0,,,,,,,,,,,,,3.0,0.0,3,5
upeki_pretest_2_173,1,,,,,,,,,,,,,,,,,6.0,1.0,6.0,1.0,,,,,,,,,,,5.0,1.0,,,,,,,,,,,,,,,4.0,0.0,,,,,,,5.0,1.0,1.0,0.0,,,,,,,2.0,0.0,,,,,1.0,0.0,3.0,1.0,4.0,0.0,1,,,,,,,,,,,,,,,,,,,,,6.0,1.0,6.0,1.0,,,,,,,,,,,,,,,0.0,0.0,,,,,,,,,1.0,0.0,,,,,1.0,0.0,2.0,0.0,,,,,,,3.0,0.0,,,,,5,6
upeki_pretest_2_175,1,6.0,1.0,6.0,1.0,,,,,,,,,,,,,6.0,1.0,,,6.0,1.0,,,6.0,1.0,,,,,,,,,,,,,3.0,0.0,,,,,,,,,,,,,3.0,0.0,,,,,,,,,,,,,,,,,,,,,3.0,0.0,1,6.0,1.0,,,,,,,,,,,,,6.0,1.0,,,,,,,,,,,,,6.0,1.0,,,,,,,,,,,,,0.0,0.0,,,,,,,,,3.0,0.0,,,0.0,0.0,1.0,0.0,0.0,0.0,,,,,0.0,0.0,,,3,6
upeki_pretest_2_176,1,,,,,,,,,3.0,1.0,,,,,,,4.0,1.0,,,,,,,,,,,,,,,,,2.0,1.0,5.0,1.0,,,,,,,,,2.0,0.0,,,,,,,,,,,6.0,1.0,,,,,1.0,0.0,3.0,1.0,5.0,1.0,,,,,,,1,,,,,6.0,1.0,,,6.0,1.0,5.0,1.0,,,,,5.0,1.0,,,,,,,,,,,5.0,1.0,,,,,,,,,,,,,,,,,2.0,0.0,,,,,,,4.0,0.0,,,3.0,0.0,,,,,,,,,,,2,6
upeki_pretest_2_177,1,4.0,1.0,,,4.0,1.0,,,,,,,,,,,4.0,1.0,,,5.0,1.0,,,,,,,,,,,,,,,,,,,,,4.0,1.0,2.0,0.0,2.0,0.0,,,,,1.0,0.0,,,,,,,5.0,1.0,,,,,1.0,0.0,,,,,,,,,1,,,4.0,1.0,,,,,6.0,1.0,4.0,1.0,,,,,,,3.0,0.0,,,4.0,1.0,3.0,0.0,,,,,,,,,1.0,0.0,,,,,,,,,,,,,,,,,,,,,,,,,,,,,,,,,2.0,0.0,3,4
upeki_pretest_2_178,1,,,,,,,,,,,,,,,,,,,4.0,1.0,,,,,,,,,2.0,1.0,,,,,,,3.0,0.0,0.0,0.0,,,,,,,,,,,2.0,1.0,,,,,,,,,6.0,1.0,4.0,0.0,1.0,0.0,,,,,,,3.0,0.0,5.0,0.0,1,,,,,,,6.0,1.0,,,6.0,1.0,,,,,,,,,,,,,,,,,,,,,,,,,,,,,4.0,0.0,,,,,0.0,0.0,,,,,,,3.0,0.0,3.0,0.0,,,6.0,1.0,2.0,0.0,,,,,,,6,6
upeki_pretest_2_179,1,,,,,,,1.0,0.0,1.0,0.0,,,,,,,,,,,1.0,0.0,,,,,,,1.0,0.0,,,,,,,1.0,0.0,,,1.0,0.0,1.0,0.0,,,,,,,,,1.0,0.0,,,,,,,,,1.0,0.0,1.0,0.0,,,,,,,,,,,1,,,,,2.0,0.0,,,,,,,,,,,,,,,,,,,2.0,0.0,2.0,0.0,,,2.0,0.0,,,,,,,,,2.0,0.0,,,,,,,2.0,0.0,,,,,,,,,,,2.0,0.0,,,,,,,2.0,0.0,4,5
upeki_pretest_2_183,1,,,3.0,1.0,,,,,,,,,3.0,1.0,,,,,,,,,,,,,,,5.0,1.0,,,,,,,3.0,0.0,,,,,3.0,1.0,4.0,0.0,,,4.0,1.0,,,,,4.0,1.0,,,,,,,,,,,4.0,0.0,3.0,0.0,,,,,,,1,,,1.0,1.0,,,1.0,1.0,,,,,3.0,1.0,,,,,,,,,3.0,1.0,,,,,,,,,0.0,1.0,3.0,1.0,,,3.0,0.0,,,,,,,,,,,,,,,,,3.0,1.0,,,,,,,,,,,3.0,1.0,5,6
upeki_pretest_2_184,1,,,4.0,0.0,,,,,,,6.0,0.0,4.0,0.0,,,,,5.0,1.0,,,,,,,4.0,0.0,,,,,5.0,0.0,,,,,,,3.0,1.0,,,,,4.0,0.0,,,,,3.0,1.0,,,,,,,,,,,3.0,0.0,,,,,,,,,,,1,,,,,,,6.0,1.0,,,,,6.0,1.0,,,,,6.0,1.0,,,,,,,,,6.0,1.0,6.0,1.0,,,,,,,,,,,0.0,0.0,1.0,0.0,,,,,,,1.0,0.0,,,,,,,,,2.0,0.0,,,,,,,5,6
upeki_pretest_2_187,1,,,,,,,,,,,,,6.0,1.0,5.0,1.0,5.0,1.0,,,,,,,,,,,,,,,5.0,1.0,5.0,1.0,,,2.0,0.0,,,,,,,0.0,0.0,,,,,1.0,0.0,,,,,,,,,0.0,0.0,,,,,,,,,,,,,0,,,,,6.0,1.0,,,,,,,,,,,,,,,,,,,3.0,1.0,,,,,,,3.0,1.0,0.0,0.0,,,,,,,,,,,5.0,1.0,3.0,1.0,,,5.0,1.0,,,,,,,3.0,0.0,,,,,,,,,6,6
upeki_pretest_2_189,1,6.0,1.0,3.0,0.0,,,,,,,,,2.0,1.0,,,,,,,,,,,,,,,4.0,1.0,,,,,,,,,,,,,,,,,,,3.0,0.0,,,,,,,4.0,0.0,,,,,,,3.0,0.0,,,,,,,,,4.0,0.0,1,,,,,,,,,5.0,1.0,,,,,,,,,,,5.0,1.0,,,6.0,1.0,,,6.0,1.0,3.0,0.0,,,,,,,,,,,3.0,0.0,,,4.0,1.0,,,,,,,,,,,6.0,1.0,,,,,,,,,,,5,6
upeki_pretest_2_199,1,5.0,1.0,,,,,,,3.0,0.0,4.0,1.0,,,,,,,,,2.0,1.0,4.0,1.0,,,,,,,1.0,0.0,,,,,,,,,,,,,0.0,0.0,,,,,4.0,1.0,,,,,,,,,,,,,,,3.0,1.0,,,,,,,,,1,,,,,6.0,1.0,,,,,,,6.0,1.0,,,,,,,,,,,,,,,,,,,,,0.0,0.0,,,,,,,,,,,5.0,1.0,1.0,0.0,,,,,1.0,0.0,,,,,,,,,1.0,0.0,4.0,1.0,,,6,5
upeki_pretest_2_20,1,,,6.0,1.0,,,6.0,1.0,,,,,6.0,1.0,,,,,,,6.0,1.0,,,,,,,6.0,1.0,6.0,1.0,,,,,,,,,,,0.0,0.0,,,,,,,,,,,,,,,,,,,,,,,,,0.0,0.0,0.0,0.0,,,,,1,,,6.0,1.0,,,,,,,6.0,1.0,6.0,1.0,,,,,,,,,,,,,,,,,,,,,,,,,,,0.0,0.0,0.0,0.0,,,,,0.0,0.0,,,,,,,0.0,0.0,,,0.0,0.0,0.0,0.0,0.0,0.0,,,,,6,6
upeki_pretest_2_204,1,,,3.0,0.0,,,,,,,,,,,,,3.0,1.0,2.0,1.0,,,4.0,1.0,,,,,,,,,,,,,,,,,,,4.0,1.0,,,,,,,,,,,5.0,1.0,,,,,,,2.0,1.0,3.0,1.0,,,,,5.0,1.0,1.0,0.0,,,1,,,,,6.0,1.0,,,,,,,,,,,,,,,,,,,6.0,1.0,,,,,,,,,0.0,0.0,,,,,,,0.0,0.0,,,,,0.0,0.0,,,0.0,0.0,,,0.0,0.0,,,0.0,0.0,,,,,1.0,0.0,,,1,5
upeki_pretest_2_21,1,,,3.0,0.0,,,5.0,0.0,,,,,,,,,,,,,5.0,0.0,,,,,,,,,,,,,,,,,,,,,,,3.0,0.0,,,,,6.0,0.0,5.0,0.0,,,5.0,0.0,,,5.0,0.0,,,,,5.0,0.0,4.0,0.0,,,,,,,1,,,,,,,,,,,3.0,0.0,,,3.0,0.0,,,,,2.0,0.0,,,,,3.0,0.0,,,,,,,,,,,,,,,,,,,,,,,,,3.0,0.0,4.0,0.0,,,,,4.0,0.0,1.0,0.0,,,4.0,0.0,,,6,3
upeki_pretest_2_219,1,,,5.0,1.0,6.0,1.0,,,,,,,,,,,,,,,,,5.0,1.0,,,,,,,6.0,1.0,5.0,1.0,,,,,1.0,0.0,,,1.0,0.0,,,,,,,,,,,,,,,,,,,,,2.0,0.0,,,,,1.0,0.0,,,,,1,,,,,6.0,1.0,,,6.0,1.0,,,,,,,,,6.0,1.0,,,,,,,,,6.0,1.0,,,5.0,1.0,,,,,,,,,,,0.0,0.0,,,,,,,,,,,,,1.0,0.0,,,,,,,1.0,0.0,6.0,1.0,6,5
upeki_pretest_2_22,1,,,,,,,0.0,0.0,0.0,0.0,,,,,,,,,,,,,,,,,,,0.0,0.0,0.0,0.0,,,0.0,0.0,,,,,,,,,,,,,,,,,,,,,0.0,0.0,0.0,0.0,,,0.0,0.0,,,0.0,0.0,,,0.0,0.0,,,,,1,,,,,,,,,,,0.0,0.0,0.0,0.0,,,,,,,,,0.0,0.0,,,,,,,0.0,0.0,,,,,,,,,,,0.0,0.0,0.0,0.0,0.0,0.0,0.0,0.0,,,,,,,0.0,0.0,,,,,0.0,0.0,,,,,,,2,1
upeki_pretest_2_231,1,,,,,6.0,1.0,4.0,1.0,,,6.0,1.0,,,,,,,,,,,,,,,5.0,1.0,4.0,1.0,,,6.0,1.0,,,,,,,,,,,,,1.0,0.0,,,,,,,,,,,,,,,,,,,,,,,1.0,0.0,0.0,0.0,,,1,5.0,1.0,,,,,,,,,,,,,,,5.0,1.0,1.0,0.0,,,,,,,,,,,,,,,,,,,3.0,0.0,,,2.0,0.0,,,,,,,,,1.0,0.0,,,2.0,0.0,,,,,,,1.0,0.0,,,,,6,6
upeki_pretest_2_24,1,,,4.0,0.0,6.0,1.0,1.0,1.0,,,,,,,6.0,0.0,,,5.0,0.0,,,,,,,,,,,,,6.0,1.0,,,6.0,1.0,,,,,,,3.0,0.0,,,,,,,,,,,0.0,0.0,5.0,1.0,,,,,,,,,,,,,,,,,1,,,,,,,6.0,0.0,,,,,,,,,,,,,,,,,,,,,,,,,,,0.0,0.0,,,0.0,0.0,,,,,,,0.0,0.0,,,,,,,,,,,5.0,0.0,,,1.0,0.0,,,,,,,4,6
upeki_pretest_2_25,1,,,,,,,,,,,,,3.0,1.0,4.0,1.0,5.0,1.0,,,4.0,0.0,6.0,1.0,,,,,,,,,,,,,,,,,,,5.0,1.0,2.0,0.0,,,,,,,,,,,4.0,0.0,,,,,,,,,,,5.0,0.0,,,,,5.0,0.0,1,,,,,,,5.0,1.0,,,,,,,6.0,1.0,,,5.0,1.0,,,,,,,,,,,,,,,3.0,0.0,,,4.0,0.0,,,,,3.0,0.0,2.0,1.0,5.0,1.0,,,,,4.0,0.0,,,,,,,,,6.0,1.0,,,,,2,1
upeki_pretest_2_258,1,,,,,,,,,,,,,,,6.0,1.0,,,,,,,,,,,6.0,1.0,,,6.0,1.0,,,6.0,1.0,,,6.0,1.0,,,,,,,,,,,0.0,1.0,,,,,,,,,,,0.0,0.0,0.0,1.0,,,,,,,6.0,0.0,,,1,,,,,,,,,6.0,1.0,,,,,,,,,,,,,,,6.0,1.0,,,,,6.0,1.0,,,0.0,0.0,0.0,1.0,0.0,0.0,,,,,,,0.0,0.0,,,,,4.0,1.0,,,,,,,0.0,0.0,2.0,0.0,,,,,,,6,6
upeki_pretest_2_26,0,,,,,4.0,1.0,6.0,1.0,,,4.0,0.0,6.0,1.0,,,,,,,,,,,,,,,6.0,1.0,4.0,1.0,5.0,1.0,,,,,,,,,3.0,0.0,,,,,,,,,,,,,,,,,3.0,0.0,,,,,,,,,,,,,4.0,1.0,1,,,,,6.0,1.0,,,,,6.0,1.0,,,,,,,,,5.0,1.0,,,6.0,1.0,,,,,,,,,,,,,0.0,0.0,0.0,0.0,,,,,,,,,3.0,0.0,3.0,0.0,,,3.0,1.0,,,,,,,,,,,,,4,6
upeki_pretest_2_27,0,,,,,,,2.0,0.0,,,,,,,2.0,0.0,,,,,2.0,0.0,,,,,2.0,0.0,,,,,,,,,1.0,0.0,5.0,1.0,,,,,,,,,,,6.0,1.0,,,6.0,1.0,,,,,,,,,,,,,4.0,0.0,,,5.0,1.0,,,0,,,,,5.0,1.0,,,,,,,,,1.0,0.0,4.0,0.0,,,,,,,2.0,0.0,,,,,4.0,0.0,,,,,,,,,,,,,,,,,,,,,6.0,1.0,,,,,,,,,,,,,,,0.0,0.0,5,6
upeki_pretest_2_273,1,4.0,0.0,,,,,4.0,1.0,,,,,,,4.0,1.0,,,2.0,0.0,4.0,1.0,3.0,1.0,,,,,3.0,1.0,1.0,0.0,,,,,3.0,0.0,,,,,,,,,,,,,,,,,,,,,,,,,,,,,,,3.0,1.0,,,,,,,0,,,,,,,3.0,0.0,4.0,1.0,3.0,1.0,,,,,,,,,,,2.0,0.0,,,,,,,4.0,0.0,,,,,,,,,,,3.0,1.0,,,3.0,1.0,,,,,4.0,0.0,,,,,2.0,0.0,,,4.0,0.0,,,,,,,2,0
upeki_pretest_2_274,1,,,,,3.0,1.0,,,,,,,,,,,,,3.0,0.0,,,,,,,,,3.0,1.0,,,,,,,,,,,,,3.0,0.0,,,3.0,0.0,3.0,1.0,,,,,,,,,,,3.0,0.0,3.0,1.0,3.0,1.0,3.0,1.0,,,,,,,,,1,5.0,1.0,,,,,,,,,,,,,,,,,,,,,,,,,4.0,1.0,4.0,1.0,,,,,,,,,,,,,,,2.0,0.0,,,,,,,,,,,2.0,0.0,1.0,0.0,,,2.0,0.0,2.0,0.0,3.0,1.0,3.0,1.0,2,4
upeki_pretest_2_275,0,3.0,0.0,,,,,1.0,0.0,,,,,6.0,1.0,,,,,,,,,,,,,,,,,,,4.0,1.0,,,,,3.0,0.0,,,,,1.0,0.0,,,,,1.0,0.0,,,5.0,1.0,,,4.0,1.0,,,,,,,,,,,,,,,5.0,1.0,1,6.0,1.0,,,5.0,1.0,,,6.0,1.0,,,,,6.0,1.0,,,,,,,5.0,1.0,,,,,,,6.0,1.0,,,0.0,0.0,,,,,5.0,1.0,,,,,,,,,,,,,,,,,,,,,5.0,1.0,,,,,,,3,5
upeki_pretest_2_276,1,,,,,,,2.0,0.0,,,2.0,0.0,,,,,2.0,0.0,,,,,,,,,,,3.0,0.0,6.0,0.0,,,,,,,,,,,,,,,,,2.0,0.0,1.0,0.0,,,,,,,,,,,,,2.0,0.0,,,0.0,0.0,2.0,0.0,,,,,1,4.0,1.0,,,,,,,4.0,1.0,,,4.0,1.0,,,,,,,4.0,1.0,,,4.0,1.0,,,,,4.0,1.0,4.0,1.0,,,,,,,,,,,,,,,,,5.0,1.0,,,4.0,1.0,,,,,,,,,,,,,,,6,5
upeki_pretest_2_28,1,4.0,0.0,4.0,0.0,,,,,,,,,,,,,,,,,,,,,,,,,2.0,0.0,,,,,,,,,3.0,0.0,1.0,0.0,,,,,,,,,,,,,,,1.0,0.0,3.0,0.0,,,,,1.0,0.0,,,,,,,3.0,0.0,,,1,,,6.0,1.0,6.0,1.0,,,,,,,,,,,,,,,,,,,3.0,0.0,,,,,1.0,1.0,,,,,,,,,5.0,0.0,,,,,,,,,1.0,0.0,,,,,,,,,,,,,0.0,0.0,3.0,0.0,2.0,0.0,6,3
upeki_pretest_2_280,1,,,,,,,5.0,0.0,,,,,3.0,0.0,,,,,,,,,,,,,6.0,0.0,,,0.0,0.0,,,,,4.0,0.0,,,,,,,,,,,5.0,1.0,,,,,4.0,1.0,3.0,1.0,,,,,,,,,2.0,0.0,,,3.0,0.0,,,,,1,,,,,,,,,2.0,1.0,,,,,,,,,,,2.0,1.0,,,,,5.0,1.0,5.0,1.0,,,,,,,,,2.0,0.0,,,,,1.0,0.0,,,,,,,,,,,,,,,,,,,,,5.0,1.0,2.0,1.0,1,5
upeki_pretest_2_282,1,,,,,,,,,,,,,,,6.0,1.0,,,6.0,1.0,6.0,1.0,,,,,,,,,,,,,,,6.0,1.0,,,,,6.0,1.0,,,,,,,3.0,1.0,,,,,,,,,,,0.0,0.0,,,,,,,,,4.0,1.0,4.0,1.0,1,6.0,1.0,6.0,1.0,,,6.0,1.0,6.0,1.0,6.0,1.0,,,,,,,6.0,1.0,,,,,,,,,,,,,6.0,1.0,1.0,0.0,,,,,,,,,,,6.0,0.0,3.0,1.0,,,,,,,,,,,,,,,,,,,,,6,6
upeki_pretest_2_285,1,,,6.0,1.0,,,2.0,0.0,,,6.0,1.0,,,,,1.0,0.0,,,5.0,1.0,,,,,,,,,,,6.0,1.0,,,,,,,,,,,,,,,,,1.0,0.0,,,,,,,2.0,0.0,3.0,1.0,,,,,,,,,,,0.0,0.0,,,1,,,,,6.0,1.0,,,6.0,1.0,,,,,6.0,1.0,,,,,,,4.0,1.0,,,,,,,4.0,1.0,,,0.0,0.0,,,,,,,,,,,,,3.0,0.0,0.0,0.0,,,,,,,1.0,0.0,,,,,,,,,,,5,6
upeki_pretest_2_286,0,,,,,,,3.0,0.0,,,,,,,,,3.0,0.0,,,3.0,1.0,,,,,3.0,0.0,,,,,,,,,,,,,,,,,,,,,3.0,1.0,3.0,1.0,,,3.0,1.0,,,3.0,1.0,,,,,,,,,3.0,1.0,,,,,,,1,,,3.0,1.0,,,3.0,1.0,,,,,2.0,1.0,,,,,,,,,,,3.0,1.0,4.0,1.0,3.0,1.0,,,,,,,,,,,,,,,,,,,,,,,3.0,0.0,,,,,,,,,,,,,,,3.0,1.0,3,5
upeki_pretest_2_289,1,,,,,,,,,,,,,,,,,,,,,,,,,,,,,5.0,1.0,,,4.0,1.0,3.0,1.0,,,,,,,,,2.0,0.0,5.0,0.0,,,3.0,1.0,2.0,0.0,,,,,,,5.0,0.0,,,5.0,1.0,,,,,,,,,,,1,,,,,,,,,3.0,0.0,,,,,,,,,,,4.0,1.0,3.0,1.0,,,,,,,5.0,0.0,,,,,5.0,0.0,,,,,,,,,,,,,5.0,0.0,,,,,,,,,3.0,1.0,5.0,1.0,,,,,,,4,4
upeki_pretest_2_29,1,,,,,,,,,,,5.0,1.0,,,4.0,1.0,,,,,,,,,,,,,5.0,1.0,1.0,1.0,,,,,,,,,,,,,,,,,,,,,3.0,1.0,5.0,0.0,,,5.0,1.0,,,,,,,3.0,1.0,2.0,0.0,,,,,3.0,0.0,1,,,,,,,,,,,6.0,1.0,,,,,,,,,,,,,,,,,5.0,1.0,,,4.0,1.0,1.0,0.0,,,,,,,,,,,2.0,1.0,,,1.0,0.0,,,,,,,3.0,0.0,,,0.0,0.0,,,4.0,1.0,3.0,1.0,2,5
upeki_pretest_2_293,0,,,2.0,1.0,,,2.0,1.0,,,,,,,,,,,,,,,,,,,2.0,1.0,1.0,1.0,2.0,1.0,,,,,3.0,1.0,,,,,2.0,1.0,,,,,,,,,3.0,1.0,,,,,,,,,,,1.0,1.0,,,,,3.0,1.0,,,,,1,,,,,,,,,2.0,0.0,3.0,0.0,,,,,,,,,3.0,0.0,,,3.0,1.0,2.0,1.0,4.0,0.0,,,,,,,,,,,2.0,0.0,,,,,,,,,,,,,,,,,,,,,,,,,,,3.0,1.0,2,2
upeki_pretest_2_295,1,,,1.0,0.0,,,,,,,,,,,,,,,,,,,1.0,0.0,,,0.0,0.0,,,,,,,,,,,,,,,3.0,0.0,,,6.0,1.0,,,,,,,,,2.0,1.0,6.0,1.0,,,1.0,0.0,,,3.0,1.0,6.0,1.0,,,,,,,1,,,,,,,,,,,,,6.0,1.0,,,,,,,5.0,1.0,6.0,1.0,,,,,6.0,1.0,,,,,,,,,,,0.0,0.0,3.0,0.0,6.0,1.0,,,,,,,,,,,,,,,,,,,,,,,,,4,6
upeki_pretest_2_296,1,0.0,0.0,,,,,,,,,5.0,0.0,,,,,,,,,,,,,0.0,0.0,,,,,,,,,,,,,,,,,,,,,,,3.0,1.0,3.0,1.0,,,2.0,0.0,0.0,0.0,3.0,1.0,,,,,,,2.0,1.0,,,,,,,,,0,,,,,,,,,,,,,,,,,,,,,,,,,3.0,1.0,3.0,1.0,,,,,,,,,,,2.0,0.0,2.0,0.0,,,,,2.0,0.0,,,2.0,0.0,,,,,0.0,0.0,,,0.0,0.0,2.0,1.0,,,,,,,3,3
upeki_pretest_2_30,1,,,3.0,0.0,,,5.0,0.0,,,,,,,,,,,,,5.0,0.0,,,,,,,3.0,0.0,,,,,,,,,,,3.0,0.0,,,,,,,,,3.0,0.0,,,,,,,,,,,,,3.0,0.0,3.0,0.0,,,3.0,0.0,3.0,0.0,,,1,,,5.0,1.0,,,,,5.0,1.0,5.0,1.0,5.0,1.0,,,,,,,4.0,1.0,4.0,1.0,,,,,,,,,,,,,,,,,,,,,,,,,,,,,,,,,,,,,3.0,1.0,,,,,,,3.0,1.0,6,4
upeki_pretest_2_306,0,,,,,,,,,,,,,,,,,,,4.0,1.0,,,,,4.0,1.0,,,,,,,,,,,,,,,,,,,4.0,1.0,,,4.0,1.0,2.0,1.0,3.0,0.0,,,4.0,1.0,,,,,,,,,4.0,1.0,,,,,,,3.0,1.0,0,,,,,,,,,,,,,,,1.0,1.0,,,,,,,,,,,,,,,3.0,1.0,2.0,0.0,1.0,1.0,,,3.0,1.0,2.0,1.0,,,,,,,1.0,1.0,,,,,1.0,1.0,,,,,2.0,1.0,,,,,,,,,2,3
upeki_pretest_2_31,1,,,,,,,5.0,1.0,5.0,1.0,,,5.0,1.0,5.0,1.0,,,6.0,1.0,,,6.0,1.0,,,,,,,,,,,,,,,3.0,0.0,,,3.0,0.0,,,,,,,,,1.0,0.0,,,3.0,0.0,,,,,,,,,,,,,,,,,,,0,,,4.0,1.0,,,,,,,,,,,,,,,,,,,,,,,,,6.0,1.0,,,,,,,0.0,0.0,,,1.0,0.0,6.0,1.0,,,,,4.0,1.0,,,,,,,4.0,1.0,4.0,1.0,3.0,1.0,,,,,,,,,6,4
upeki_pretest_2_310,1,,,4.0,0.0,,,,,,,,,2.0,1.0,,,,,4.0,1.0,,,5.0,1.0,,,,,,,0.0,0.0,4.0,0.0,,,,,,,4.0,0.0,,,,,,,,,,,,,,,,,,,,,,,,,,,5.0,1.0,,,3.0,0.0,2.0,0.0,1,,,,,,,5.0,1.0,,,3.0,0.0,,,,,,,,,,,,,,,,,,,6.0,1.0,,,,,,,,,,,,,1.0,0.0,,,,,,,2.0,0.0,,,1.0,0.0,1.0,0.0,,,,,,,,,,,3,6
upeki_pretest_2_312,0,4.0,1.0,,,6.0,1.0,,,,,,,5.0,0.0,,,,,,,,,5.0,1.0,,,,,,,,,4.0,1.0,5.0,1.0,4.0,1.0,,,,,,,,,2.0,0.0,,,,,,,,,,,0.0,1.0,,,,,,,,,,,,,1.0,0.0,,,1,,,,,,,,,,,6.0,1.0,6.0,0.0,,,,,,,,,,,6.0,1.0,,,,,,,,,0.0,0.0,,,,,2.0,0.0,0.0,0.0,,,6.0,1.0,,,,,,,,,,,,,,,,,,,,,,,1,6
upeki_pretest_2_33,1,,,,,,,,,,,,,,,5.0,1.0,4.0,1.0,,,,,,,,,,,4.0,1.0,,,,,3.0,1.0,,,4.0,1.0,4.0,1.0,,,,,5.0,1.0,,,,,,,,,,,,,,,,,,,,,,,,,,,4.0,1.0,1,5.0,1.0,,,3.0,1.0,,,3.0,1.0,3.0,1.0,,,,,,,,,,,,,,,,,,,,,3.0,1.0,,,,,,,,,,,,,,,,,,,,,3.0,1.0,,,,,3.0,1.0,3.0,1.0,,,,,,,4,5
upeki_pretest_2_34,1,,,,,,,,,,,,,,,,,,,,,,,,,3.0,0.0,,,,,,,3.0,0.0,3.0,0.0,,,,,3.0,0.0,,,3.0,0.0,,,,,3.0,0.0,,,,,,,,,3.0,0.0,,,,,3.0,0.0,,,,,,,3.0,0.0,1,5.0,0.0,,,,,5.0,0.0,,,,,,,5.0,0.0,1.0,0.0,,,,,,,,,,,5.0,0.0,,,,,1.0,0.0,,,,,,,,,1.0,0.0,,,,,,,,,,,,,1.0,0.0,,,,,,,,,,,3,5
upeki_pretest_2_35,1,,,,,,,,,,,,,,,,,6.0,1.0,,,,,6.0,1.0,6.0,1.0,6.0,1.0,,,,,6.0,1.0,,,6.0,1.0,,,,,0.0,0.0,,,,,,,0.0,0.0,,,,,,,,,0.0,0.0,,,,,,,,,,,,,0.0,0.0,1,,,,,6.0,1.0,,,6.0,1.0,,,,,6.0,1.0,1.0,1.0,,,,,,,,,,,,,,,6.0,1.0,,,,,1.0,0.0,,,,,,,,,,,,,,,,,,,2.0,0.0,,,1.0,0.0,,,,,,,6,6
upeki_pretest_2_36,0,,,,,,,,,6.0,1.0,,,,,,,,,,,,,5.0,0.0,,,,,,,1.0,0.0,,,,,,,,,5.0,1.0,4.0,1.0,,,,,5.0,1.0,5.0,1.0,,,,,3.0,1.0,,,,,,,,,,,,,5.0,1.0,6.0,1.0,,,1,,,,,,,6.0,1.0,,,,,,,,,6.0,1.0,,,,,,,,,6.0,1.0,,,,,,,,,,,,,,,,,6.0,1.0,0.0,1.0,,,,,,,,,,,4.0,1.0,,,,,,,,,4.0,1.0,6,4
upeki_pretest_2_37,1,,,,,,,,,,,,,,,,,,,5.0,1.0,4.0,1.0,5.0,1.0,,,,,,,,,,,2.0,1.0,,,1.0,0.0,4.0,1.0,1.0,0.0,,,,,4.0,0.0,1.0,0.0,,,4.0,0.0,,,,,,,,,,,,,,,,,,,,,1,5.0,1.0,,,1.0,0.0,5.0,1.0,,,,,4.0,1.0,,,,,4.0,1.0,,,,,6.0,1.0,,,,,,,,,,,,,0.0,0.0,,,,,,,,,,,5.0,1.0,,,,,,,4.0,1.0,,,2.0,0.0,,,,,,,5,5
upeki_pretest_2_38,1,,,1.0,1.0,,,,,,,,,,,,,,,3.0,1.0,,,,,,,,,,,,,,,,,6.0,1.0,6.0,1.0,,,4.0,1.0,,,4.0,0.0,,,0.0,0.0,,,,,,,5.0,1.0,5.0,0.0,,,,,,,,,,,6.0,1.0,,,1,6.0,1.0,,,,,,,,,,,,,,,,,6.0,1.0,,,,,6.0,1.0,,,,,,,,,,,,,0.0,0.0,,,1.0,0.0,,,1.0,0.0,,,,,0.0,0.0,0.0,0.0,,,,,,,,,,,,,5.0,1.0,5,4
upeki_pretest_2_39,1,,,4.0,1.0,,,,,,,,,,,,,,,,,,,,,4.0,1.0,,,,,4.0,1.0,5.0,1.0,5.0,1.0,,,,,,,,,,,1.0,0.0,,,,,,,3.0,0.0,,,,,1.0,0.0,0.0,0.0,,,,,,,,,,,4.0,1.0,1,6.0,1.0,,,6.0,1.0,6.0,1.0,,,,,,,6.0,1.0,,,,,6.0,1.0,6.0,1.0,6.0,1.0,,,,,,,,,,,,,,,,,,,,,,,,,,,,,2.0,1.0,,,,,,,2.0,0.0,,,,,,,3,5
upeki_pretest_2_40,1,,,4.0,1.0,,,6.0,1.0,,,,,,,,,6.0,1.0,4.0,1.0,,,,,,,,,6.0,1.0,,,,,6.0,1.0,,,,,,,,,,,,,,,,,,,3.0,0.0,2.0,0.0,,,,,,,,,,,,,,,,,,,1,,,,,,,,,,,6.0,1.0,,,,,6.0,1.0,,,,,,,6.0,0.0,,,,,6.0,1.0,,,,,,,0.0,0.0,,,,,0.0,1.0,,,,,,,0.0,0.0,,,,,,,0.0,0.0,,,,,6.0,1.0,,,5,6
upeki_pretest_2_42,1,5.0,1.0,2.0,1.0,,,,,,,,,,,,,,,,,,,4.0,1.0,1.0,0.0,,,4.0,1.0,1.0,0.0,,,1.0,0.0,,,,,5.0,1.0,,,1.0,0.0,,,,,,,,,,,,,,,,,,,,,,,3.0,1.0,,,,,,,0,3.0,1.0,,,4.0,1.0,,,4.0,1.0,,,3.0,1.0,,,,,,,,,1.0,0.0,,,,,,,4.0,1.0,2.0,0.0,,,,,,,,,,,,,,,,,,,5.0,1.0,4.0,1.0,,,,,,,,,,,,,,,1,4
upeki_pretest_2_43,0,,,,,,,,,,,,,5.0,1.0,3.0,1.0,3.0,0.0,3.0,0.0,3.0,1.0,,,,,,,,,,,,,,,,,,,,,5.0,1.0,,,,,,,,,5.0,1.0,,,5.0,1.0,,,,,5.0,1.0,,,,,,,5.0,1.0,,,,,0,,,,,,,6.0,1.0,6.0,1.0,,,,,,,,,,,,,,,,,,,,,,,,,,,6.0,1.0,,,6.0,1.0,,,,,,,,,6.0,1.0,6.0,1.0,,,6.0,1.0,,,,,6.0,1.0,6.0,1.0,,,,,3,6
upeki_pretest_2_46,0,,,,,,,,,,,,,3.0,1.0,2.0,1.0,,,,,3.0,1.0,,,3.0,1.0,3.0,1.0,,,,,,,,,,,,,,,,,,,,,,,,,,,3.0,1.0,,,3.0,1.0,3.0,1.0,4.0,1.0,,,,,,,2.0,1.0,,,,,1,,,3.0,1.0,,,,,,,3.0,1.0,,,,,,,,,,,3.0,1.0,3.0,1.0,,,,,,,,,,,,,2.0,1.0,,,,,,,2.0,1.0,,,,,3.0,0.0,2.0,1.0,2.0,1.0,,,,,,,,,2.0,1.0,,,4,4
upeki_pretest_2_47,0,,,,,,,6.0,0.0,6.0,0.0,,,,,,,6.0,0.0,,,6.0,0.0,,,,,,,,,6.0,0.0,,,6.0,0.0,,,6.0,0.0,,,,,,,,,,,,,,,6.0,0.0,6.0,0.0,,,,,,,,,,,,,,,,,6.0,0.0,0,,,,,6.0,0.0,,,,,6.0,0.0,,,,,,,,,,,,,,,,,,,,,6.0,0.0,,,6.0,0.0,6.0,0.0,,,,,,,,,6.0,0.0,,,,,6.0,0.0,,,6.0,0.0,,,6.0,0.0,6.0,0.0,,,,,6,6
upeki_pretest_2_48,1,,,4.0,1.0,,,,,3.0,1.0,,,2.0,0.0,,,,,,,3.0,0.0,,,,,,,5.0,0.0,3.0,1.0,2.0,0.0,,,,,,,,,,,,,,,,,5.0,0.0,,,3.0,0.0,,,,,,,,,,,,,,,3.0,1.0,,,,,1,,,,,,,,,,,,,3.0,1.0,,,,,,,,,,,,,,,,,,,4.0,1.0,,,4.0,1.0,,,,,,,,,2.0,0.0,,,2.0,1.0,,,3.0,1.0,,,5.0,1.0,5.0,1.0,,,,,,,,,5,6
upeki_pretest_2_50,0,,,,,,,,,,,,,2.0,1.0,,,,,5.0,1.0,5.0,1.0,,,,,4.0,1.0,,,,,,,,,,,5.0,1.0,6.0,1.0,,,,,,,,,,,,,,,,,6.0,1.0,,,4.0,0.0,,,5.0,1.0,6.0,1.0,,,,,,,1,,,,,,,6.0,1.0,,,,,,,,,,,,,6.0,1.0,,,2.0,0.0,,,,,,,,,0.0,0.0,,,,,,,,,,,0.0,0.0,2.0,0.0,,,,,0.0,0.0,4.0,1.0,,,,,,,,,4.0,1.0,6.0,1.0,6,4
upeki_pretest_2_51,1,,,,,6.0,1.0,,,,,,,,,,,,,,,6.0,1.0,6.0,1.0,,,,,,,,,,,6.0,1.0,,,,,,,,,,,,,,,0.0,0.0,0.0,0.0,0.0,0.0,,,,,,,0.0,0.0,,,0.0,0.0,0.0,0.0,,,,,,,1,,,,,,,6.0,1.0,,,,,,,6.0,1.0,,,3.0,1.0,,,,,,,,,,,,,,,,,0.0,0.0,0.0,0.0,0.0,0.0,0.0,0.0,,,,,,,0.0,0.0,,,,,,,,,0.0,0.0,,,,,,,,,6,6
upeki_pretest_2_52,1,,,,,,,,,,,,,,,,,,,,,,,,,,,,,4.0,1.0,,,4.0,1.0,,,,,,,2.0,0.0,,,,,,,3.0,0.0,3.0,0.0,,,,,,,,,,,,,,,3.0,0.0,3.0,1.0,1.0,0.0,,,2.0,0.0,1,,,6.0,1.0,,,5.0,1.0,6.0,1.0,,,,,4.0,1.0,,,,,,,5.0,1.0,5.0,1.0,,,,,,,,,,,,,0.0,0.0,,,,,,,,,,,,,,,,,,,,,,,0.0,0.0,0.0,0.0,,,,,2,6
upeki_pretest_2_53,1,,,,,3.0,1.0,5.0,1.0,,,5.0,1.0,5.0,1.0,,,,,,,5.0,1.0,,,,,,,4.0,0.0,,,,,,,,,,,,,,,3.0,0.0,,,,,,,,,,,,,,,,,,,2.0,0.0,3.0,0.0,,,5.0,1.0,,,,,1,5.0,1.0,5.0,1.0,5.0,1.0,,,,,5.0,1.0,,,5.0,1.0,,,,,5.0,1.0,,,,,,,,,4.0,1.0,,,,,,,,,,,,,,,,,,,4.0,1.0,,,,,,,,,,,4.0,0.0,,,,,,,5,5
upeki_pretest_2_54,0,1.0,0.0,1.0,0.0,,,,,,,,,,,,,,,,,,,,,,,,,,,,,,,,,1.0,0.0,,,,,5.0,1.0,,,5.0,1.0,,,5.0,1.0,,,,,4.0,1.0,,,,,,,5.0,1.0,,,5.0,1.0,,,,,,,1,5.0,1.0,,,5.0,1.0,,,5.0,1.0,,,5.0,1.0,,,4.0,1.0,,,,,,,,,,,,,5.0,1.0,,,,,5.0,1.0,,,,,,,,,,,,,,,5.0,1.0,,,,,,,,,,,5.0,1.0,5.0,1.0,,,5,5
upeki_pretest_2_55,1,5.0,0.0,,,,,,,,,,,3.0,1.0,,,,,,,,,2.0,0.0,,,,,,,,,5.0,1.0,,,5.0,1.0,,,3.0,0.0,2.0,0.0,,,,,,,4.0,0.0,,,,,,,,,,,,,,,,,,,5.0,0.0,,,4.0,1.0,1,,,,,,,4.0,0.0,,,,,4.0,0.0,,,,,,,,,4.0,0.0,,,,,,,,,,,,,,,,,,,4.0,0.0,4.0,1.0,3.0,1.0,,,3.0,0.0,,,,,,,,,,,4.0,0.0,,,3.0,0.0,,,3,3
upeki_pretest_2_56,0,,,,,,,3.0,0.0,,,,,,,,,,,,,,,,,,,,,2.0,0.0,,,4.0,1.0,,,,,,,,,,,1.0,1.0,,,,,,,,,,,,,,,,,,,5.0,1.0,,,,,5.0,1.0,4.0,1.0,5.0,1.0,1,,,4.0,0.0,,,6.0,1.0,,,,,,,,,5.0,1.0,,,,,,,,,5.0,1.0,4.0,1.0,,,,,,,,,,,,,2.0,0.0,2.0,0.0,,,,,1.0,0.0,,,,,,,5.0,1.0,,,,,,,,,,,5,4
upeki_pretest_2_57,0,,,,,2.0,0.0,1.0,1.0,,,,,4.0,1.0,,,,,,,,,,,,,,,,,,,,,,,,,2.0,1.0,,,,,,,,,,,,,,,,,,,,,,,4.0,1.0,4.0,1.0,,,2.0,0.0,2.0,0.0,,,,,0,,,3.0,0.0,,,,,6.0,1.0,,,,,,,,,,,,,3.0,1.0,,,,,,,3.0,1.0,,,3.0,1.0,3.0,1.0,,,3.0,1.0,,,,,,,,,,,3.0,1.0,,,4.0,1.0,,,3.0,1.0,,,,,,,,,4,3
upeki_pretest_2_58,0,,,,,,,,,,,,,,,,,,,,,,,,,,,,,,,,,,,3.0,1.0,,,1.0,1.0,5.0,1.0,,,,,2.0,0.0,5.0,1.0,,,3.0,1.0,,,,,5.0,1.0,3.0,1.0,,,,,,,1.0,0.0,,,1.0,0.0,,,1,,,,,,,,,,,,,,,,,,,5.0,1.0,5.0,1.0,6.0,1.0,,,,,5.0,1.0,,,,,,,,,,,,,,,0.0,0.0,,,0.0,0.0,,,,,,,,,,,,,,,,,0.0,0.0,,,3,4
upeki_pretest_2_59,0,4.0,1.0,,,2.0,0.0,,,,,,,5.0,1.0,,,,,4.0,1.0,,,,,,,3.0,0.0,4.0,1.0,,,3.0,1.0,,,3.0,1.0,,,,,,,,,,,,,5.0,1.0,,,,,,,,,,,3.0,1.0,,,,,,,,,,,,,1,6.0,1.0,,,,,6.0,1.0,6.0,1.0,,,,,,,,,,,,,,,,,,,,,6.0,1.0,,,0.0,0.0,2.0,0.0,,,,,4.0,1.0,,,,,,,,,,,,,,,,,,,,,,,,,,,3,4
upeki_pretest_2_60,1,,,6.0,1.0,,,,,5.0,1.0,,,,,,,,,5.0,1.0,,,,,,,5.0,1.0,,,,,,,,,,,,,4.0,0.0,,,,,,,,,4.0,0.0,,,4.0,1.0,,,4.0,1.0,,,,,2.0,0.0,,,,,2.0,0.0,,,,,1,,,,,,,,,,,,,,,,,,,,,5.0,1.0,,,,,,,4.0,1.0,,,3.0,1.0,1.0,0.0,,,,,4.0,1.0,1.0,0.0,,,,,3.0,0.0,,,,,,,,,2.0,0.0,3.0,0.0,,,,,,,,,5,4
upeki_pretest_2_61,0,3.0,0.0,2.0,1.0,,,,,,,,,,,,,2.0,1.0,,,,,,,3.0,0.0,,,,,4.0,0.0,,,2.0,1.0,,,4.0,1.0,,,,,,,,,,,4.0,1.0,,,,,,,,,,,,,2.0,0.0,,,,,,,,,3.0,1.0,0,4.0,0.0,,,3.0,1.0,,,,,,,,,,,4.0,0.0,3.0,1.0,,,,,3.0,1.0,,,,,,,,,,,,,3.0,1.0,2.0,1.0,,,,,,,,,,,,,,,,,2.0,0.0,3.0,1.0,3.0,0.0,,,,,,,1,3
upeki_pretest_2_62,1,,,,,,,2.0,0.0,,,5.0,1.0,5.0,1.0,,,,,,,,,,,,,,,5.0,1.0,4.0,0.0,4.0,1.0,,,,,,,,,,,,,0.0,0.0,,,2.0,0.0,,,5.0,1.0,,,,,,,,,,,,,,,,,,,3.0,0.0,1,,,,,2.0,1.0,,,,,5.0,1.0,,,,,5.0,1.0,,,,,5.0,1.0,1.0,1.0,,,6.0,1.0,0.0,1.0,,,,,0.0,0.0,,,,,,,,,,,,,,,,,,,6.0,1.0,,,,,,,,,,,,,4,5
upeki_pretest_2_63,1,,,,,,,,,,,0.0,1.0,,,,,,,0.0,1.0,,,,,,,0.0,1.0,,,,,0.0,1.0,0.0,1.0,,,0.0,1.0,0.0,1.0,,,0.0,1.0,,,,,,,,,0.0,1.0,,,,,0.0,1.0,,,,,,,,,,,,,,,0,,,,,,,,,,,,,0.0,1.0,,,0.0,1.0,,,,,0.0,1.0,,,,,,,0.0,1.0,,,0.0,1.0,,,,,,,0.0,1.0,,,0.0,1.0,,,0.0,1.0,,,,,,,,,,,,,,,,,,,0,0
upeki_pretest_2_64,1,5.0,1.0,,,,,,,,,,,,,,,,,,,5.0,1.0,,,5.0,1.0,,,,,,,5.0,1.0,,,,,2.0,0.0,,,,,,,,,,,,,,,,,,,5.0,1.0,3.0,0.0,,,3.0,0.0,,,,,,,2.0,0.0,,,1,,,,,,,,,,,,,,,,,,,3.0,1.0,4.0,1.0,,,,,5.0,1.0,,,,,,,,,,,,,1.0,0.0,,,,,4.0,1.0,,,,,,,3.0,1.0,4.0,1.0,4.0,1.0,,,,,,,3.0,1.0,,,5,4
upeki_pretest_2_65,1,0.0,0.0,,,1.0,0.0,0.0,1.0,,,,,,,1.0,0.0,,,,,,,,,5.0,0.0,,,,,,,,,,,,,,,5.0,1.0,5.0,1.0,,,4.0,0.0,,,,,,,,,2.0,0.0,,,,,1.0,0.0,,,,,,,,,,,,,0,,,,,6.0,1.0,,,,,5.0,1.0,,,2.0,0.0,,,,,,,,,,,,,,,,,1.0,0.0,,,,,3.0,0.0,,,3.0,0.0,,,,,,,,,,,5.0,1.0,3.0,0.0,,,5.0,1.0,,,,,5.0,1.0,,,4,4
upeki_pretest_2_66,1,,,4.0,1.0,,,,,,,,,4.0,1.0,4.0,1.0,,,,,5.0,1.0,,,,,,,,,,,,,,,,,4.0,1.0,,,5.0,1.0,,,5.0,1.0,,,,,,,,,,,,,3.0,1.0,,,,,,,,,,,,,4.0,1.0,1,,,,,,,6.0,1.0,,,,,,,6.0,1.0,,,4.0,1.0,,,,,,,,,,,,,,,1.0,1.0,5.0,1.0,,,6.0,1.0,,,,,,,,,4.0,1.0,,,,,4.0,1.0,,,6.0,1.0,6.0,1.0,,,,,,,3,4
upeki_pretest_2_67,1,,,,,,,,,4.0,0.0,,,2.0,0.0,,,,,,,,,,,,,,,,,1.0,0.0,4.0,1.0,5.0,1.0,,,,,,,,,0.0,0.0,,,,,,,,,,,,,4.0,1.0,,,,,1.0,0.0,,,4.0,0.0,5.0,1.0,,,,,1,,,6.0,1.0,6.0,1.0,,,6.0,1.0,,,,,,,5.0,1.0,,,,,,,,,6.0,1.0,,,3.0,1.0,,,,,2.0,0.0,,,,,,,,,,,,,2.0,1.0,,,,,,,,,6.0,1.0,,,,,,,,,4,6
upeki_pretest_2_68,0,5.0,1.0,6.0,1.0,5.0,0.0,,,,,,,3.0,1.0,4.0,1.0,,,,,,,5.0,1.0,,,,,,,,,5.0,1.0,,,,,,,,,,,,,,,,,,,,,,,5.0,1.0,1.0,0.0,,,,,1.0,0.0,,,,,,,,,,,0,,,,,,,,,,,,,,,,,3.0,1.0,,,,,3.0,1.0,,,,,,,,,,,,,3.0,1.0,,,,,,,,,4.0,1.0,,,3.0,1.0,,,,,,,3.0,1.0,,,4.0,1.0,,,,,4.0,1.0,2,2
upeki_pretest_2_69,1,,,,,5.0,1.0,,,6.0,1.0,,,,,,,,,,,,,,,5.0,1.0,4.0,0.0,,,,,3.0,0.0,,,,,,,5.0,1.0,,,6.0,1.0,,,,,6.0,1.0,,,,,,,,,5.0,1.0,,,,,,,,,,,,,,,1,6.0,1.0,3.0,1.0,,,,,,,,,,,6.0,1.0,,,,,,,,,3.0,0.0,,,5.0,1.0,6.0,1.0,4.0,1.0,,,,,,,,,,,,,,,,,,,,,4.0,1.0,,,5.0,1.0,,,,,,,,,,,6,5
upeki_pretest_2_70,0,,,,,,,,,,,,,,,,,,,1.0,0.0,,,,,0.0,0.0,,,,,,,3.0,0.0,,,1.0,0.0,,,,,,,5.0,1.0,5.0,1.0,,,,,,,,,2.0,0.0,,,,,,,,,,,3.0,1.0,5.0,1.0,,,6.0,1.0,0,,,1.0,0.0,,,,,,,,,,,0.0,0.0,1.0,0.0,,,,,,,,,0.0,0.0,,,3.0,1.0,,,,,,,,,,,5.0,1.0,,,,,,,,,,,5.0,1.0,,,,,,,,,,,,,,,6,6
upeki_pretest_2_71,1,,,6.0,1.0,,,,,6.0,1.0,,,,,6.0,1.0,,,,,,,,,,,6.0,1.0,,,0.0,0.0,,,,,,,,,,,,,0.0,0.0,,,,,,,,,,,0.0,0.0,4.0,1.0,,,,,4.0,0.0,,,,,1.0,0.0,,,,,1,,,,,6.0,1.0,,,,,,,,,,,6.0,1.0,,,6.0,1.0,,,4.0,1.0,6.0,1.0,,,,,6.0,1.0,,,,,,,0.0,0.0,,,,,,,,,0.0,0.0,,,,,0.0,0.0,,,,,,,,,,,,,4,5
upeki_pretest_2_72,1,2.0,1.0,,,,,,,2.0,0.0,,,,,4.0,1.0,,,,,,,,,,,,,,,,,,,,,,,,,,,4.0,1.0,,,,,,,2.0,0.0,,,4.0,0.0,2.0,0.0,,,3.0,0.0,,,,,3.0,0.0,1.0,0.0,,,,,,,1,,,,,5.0,1.0,,,,,4.0,0.0,,,2.0,0.0,,,2.0,0.0,,,,,3.0,1.0,,,,,4.0,1.0,,,,,,,1.0,0.0,,,,,,,,,,,,,,,,,,,2.0,0.0,,,,,,,,,,,5,6
upeki_pretest_2_73,1,,,,,,,4.0,0.0,,,,,3.0,1.0,4.0,1.0,,,,,,,,,,,,,,,,,,,,,,,2.0,0.0,,,3.0,0.0,,,,,,,3.0,1.0,2.0,0.0,,,,,4.0,1.0,,,,,,,2.0,0.0,,,,,,,,,1,,,,,,,,,,,,,4.0,1.0,,,,,4.0,1.0,3.0,1.0,,,,,5.0,1.0,,,,,,,,,,,,,,,,,3.0,1.0,2.0,1.0,,,,,,,2.0,0.0,,,,,,,,,,,3.0,0.0,,,4,5
upeki_pretest_2_74,1,2.0,1.0,3.0,1.0,,,2.0,1.0,,,,,,,,,,,,,3.0,1.0,,,,,,,,,3.0,1.0,,,,,,,2.0,0.0,3.0,0.0,3.0,0.0,,,,,,,,,,,3.0,0.0,,,,,3.0,0.0,,,,,,,,,,,,,,,1,2.0,1.0,,,,,3.0,1.0,,,,,,,,,,,,,3.0,1.0,,,,,2.0,1.0,,,2.0,1.0,3.0,1.0,,,,,,,3.0,0.0,,,2.0,0.0,,,,,,,,,,,,,3.0,1.0,,,,,,,,,,,6,6
upeki_pretest_2_76,1,,,,,,,,,,,,,,,,,,,,,,,,,6.0,1.0,,,,,0.0,0.0,,,,,,,1.0,0.0,4.0,1.0,,,,,3.0,0.0,,,5.0,1.0,4.0,1.0,,,5.0,0.0,,,,,,,1.0,0.0,4.0,0.0,,,,,,,,,1,,,,,,,,,,,,,6.0,1.0,5.0,1.0,6.0,1.0,,,,,,,6.0,1.0,,,,,4.0,1.0,,,,,,,,,,,,,0.0,0.0,,,,,,,,,,,,,,,,,0.0,0.0,1.0,0.0,,,,,2,2
upeki_pretest_2_77,1,,,,,,,,,,,,,,,,,,,6.0,1.0,6.0,1.0,6.0,1.0,,,,,,,,,,,6.0,1.0,,,,,0.0,0.0,,,,,,,,,,,0.0,0.0,,,,,0.0,0.0,,,,,,,0.0,0.0,,,0.0,0.0,,,,,1,6.0,1.0,,,6.0,1.0,,,6.0,1.0,,,,,,,,,,,,,,,,,,,6.0,1.0,,,,,,,,,0.0,0.0,,,,,,,0.0,0.0,0.0,0.0,,,,,,,,,0.0,0.0,,,,,,,,,,,6,6
upeki_pretest_2_78,1,,,,,5.0,1.0,5.0,1.0,5.0,1.0,,,,,5.0,1.0,,,5.0,1.0,,,,,,,5.0,1.0,,,5.0,1.0,5.0,1.0,,,,,,,5.0,1.0,,,,,5.0,1.0,,,,,,,,,,,,,,,,,,,,,,,,,,,,,0,,,,,,,,,,,,,,,,,6.0,1.0,,,,,5.0,0.0,0.0,0.0,,,1.0,0.0,3.0,1.0,,,,,1.0,0.0,,,,,,,,,,,,,6.0,1.0,,,5.0,1.0,,,,,,,,,6.0,1.0,,,,,3,3
upeki_pretest_2_79,0,,,,,,,,,,,,,,,,,3.0,0.0,,,,,,,3.0,1.0,,,,,4.0,1.0,,,,,,,,,,,,,3.0,0.0,,,,,,,,,,,4.0,1.0,4.0,1.0,3.0,1.0,,,,,,,,,,,4.0,1.0,3.0,1.0,0,,,,,,,,,,,,,,,4.0,1.0,4.0,1.0,,,4.0,1.0,,,,,,,3.0,0.0,3.0,1.0,,,,,3.0,1.0,,,,,,,,,,,3.0,1.0,,,,,3.0,1.0,,,,,,,,,,,,,,,4,3
upeki_pretest_2_80,0,,,,,,,,,,,,,,,6.0,1.0,4.0,0.0,,,,,2.0,0.0,,,,,,,0.0,0.0,,,,,,,6.0,1.0,,,6.0,1.0,,,,,,,6.0,1.0,6.0,1.0,,,,,,,,,1.0,0.0,0.0,0.0,,,,,,,,,,,0,,,4.0,1.0,5.0,1.0,6.0,1.0,,,,,,,,,5.0,1.0,6.0,1.0,,,,,,,,,,,,,5.0,0.0,,,,,,,,,,,6.0,0.0,,,4.0,0.0,,,,,,,,,,,,,3.0,1.0,,,,,,,6,6
upeki_pretest_2_81,1,6.0,1.0,6.0,1.0,,,,,,,,,,,,,,,,,6.0,1.0,,,,,,,,,6.0,1.0,,,,,,,,,,,3.0,0.0,,,,,,,,,,,,,,,3.0,1.0,,,,,,,,,1.0,0.0,2.0,0.0,2.0,0.0,,,1,,,,,,,,,6.0,1.0,6.0,1.0,,,,,,,,,,,,,,,,,,,3.0,1.0,6.0,1.0,,,,,,,0.0,0.0,3.0,0.0,,,,,,,3.0,0.0,,,2.0,1.0,2.0,0.0,2.0,0.0,,,,,,,,,,,4,5
upeki_pretest_2_82,0,1.0,0.0,,,3.0,1.0,,,,,,,,,,,1.0,1.0,,,,,,,6.0,0.0,4.0,1.0,,,4.0,1.0,0.0,0.0,,,,,,,,,6.0,1.0,,,,,,,,,3.0,1.0,6.0,0.0,,,,,,,,,,,,,,,,,,,,,0,,,,,,,,,,,,,,,,,4.0,0.0,,,2.0,0.0,,,4.0,0.0,,,4.0,0.0,,,,,,,5.0,0.0,4.0,0.0,,,,,,,,,,,,,,,3.0,0.0,,,,,,,,,3.0,0.0,,,,,3,3
upeki_pretest_2_84,1,5.0,1.0,5.0,1.0,,,3.0,1.0,,,,,,,,,5.0,1.0,3.0,1.0,5.0,1.0,,,,,,,,,,,,,3.0,1.0,,,2.0,1.0,,,,,,,,,2.0,0.0,,,,,,,,,,,,,,,,,,,,,,,,,,,1,,,,,,,,,5.0,1.0,,,,,,,3.0,0.0,3.0,0.0,,,,,,,4.0,1.0,,,,,,,,,,,,,2.0,0.0,,,,,,,,,3.0,1.0,,,,,,,,,3.0,0.0,,,,,,,4.0,1.0,5,4
upeki_pretest_2_86,1,,,,,,,,,6.0,1.0,,,,,,,,,,,5.0,0.0,,,,,,,4.0,0.0,5.0,0.0,,,,,,,3.0,0.0,,,,,,,,,,,,,,,,,,,,,1.0,0.0,,,,,,,,,1.0,0.0,1.0,0.0,1.0,0.0,1,,,,,,,,,,,,,,,,,0.0,0.0,6.0,1.0,,,,,,,6.0,1.0,,,,,,,,,,,0.0,0.0,,,,,,,,,,,,,1.0,0.0,,,,,0.0,0.0,,,0.0,0.0,,,2.0,1.0,6.0,1.0,6,6
upeki_pretest_2_88,1,,,,,,,6.0,1.0,,,,,5.0,1.0,,,,,,,5.0,1.0,6.0,1.0,5.0,1.0,,,,,,,6.0,1.0,6.0,1.0,,,,,,,,,,,3.0,0.0,,,,,,,,,,,,,,,,,4.0,0.0,,,,,,,0.0,0.0,,,1,,,,,6.0,1.0,,,6.0,1.0,,,,,,,4.0,1.0,6.0,1.0,,,6.0,1.0,,,,,,,,,6.0,1.0,0.0,0.0,,,0.0,0.0,,,,,,,,,,,,,,,1.0,0.0,,,,,,,,,3.0,0.0,,,,,6,6
upeki_pretest_2_89,1,,,,,,,4.0,1.0,5.0,1.0,,,5.0,1.0,4.0,0.0,,,,,,,,,,,5.0,1.0,2.0,0.0,,,4.0,1.0,1.0,1.0,,,,,,,,,,,,,,,,,,,,,,,,,3.0,0.0,,,,,,,,,,,,,,,1,,,,,6.0,1.0,,,,,,,,,,,,,,,,,,,3.0,1.0,,,,,,,,,,,1.0,0.0,,,,,,,,,,,,,,,,,1.0,0.0,,,,,1.0,0.0,,,0.0,0.0,,,,,5,6
upeki_pretest_2_90,1,,,,,,,,,,,,,,,1.0,1.0,,,5.0,1.0,,,,,,,,,,,,,5.0,1.0,,,,,,,,,,,,,1.0,0.0,,,,,1.0,0.0,1.0,0.0,,,1.0,0.0,,,1.0,1.0,,,,,,,1.0,0.0,1.0,0.0,,,1,4.0,1.0,,,,,,,,,,,,,,,,,,,4.0,1.0,4.0,1.0,3.0,1.0,5.0,1.0,,,,,5.0,1.0,,,,,4.0,0.0,,,0.0,0.0,,,,,,,,,,,,,,,,,,,0.0,0.0,,,,,,,3,0
upeki_pretest_2_91,0,,,,,,,3.0,0.0,,,,,,,,,,,,,,,6.0,1.0,,,,,,,,,,,,,,,,,,,0.0,0.0,,,2.0,0.0,,,,,,,,,,,6.0,1.0,3.0,1.0,,,,,6.0,1.0,,,,,1.0,0.0,,,0,5.0,1.0,,,,,5.0,1.0,6.0,1.0,5.0,1.0,6.0,1.0,,,,,,,,,,,,,,,,,,,6.0,1.0,,,,,,,2.0,0.0,,,,,2.0,1.0,,,4.0,1.0,,,,,,,,,,,,,,,,,,,3,3
upeki_pretest_2_92,0,3.0,0.0,,,,,3.0,1.0,,,,,,,,,4.0,0.0,,,5.0,1.0,,,4.0,1.0,2.0,1.0,,,,,,,,,4.0,0.0,,,,,3.0,0.0,,,,,,,,,,,,,,,,,,,4.0,0.0,,,,,,,,,,,,,0,,,3.0,1.0,,,,,,,,,3.0,1.0,,,,,,,,,,,3.0,1.0,,,,,,,,,,,4.0,1.0,,,3.0,0.0,4.0,1.0,,,,,,,4.0,0.0,,,,,,,,,,,,,5.0,1.0,4.0,1.0,,,4,6
upeki_pretest_2_94,1,,,6.0,1.0,6.0,1.0,,,,,,,,,,,,,,,,,,,,,,,,,,,,,,,5.0,1.0,5.0,1.0,6.0,1.0,,,,,,,3.0,1.0,5.0,1.0,,,,,,,,,,,,,0.0,1.0,,,,,,,0.0,0.0,,,0,6.0,1.0,,,6.0,1.0,,,,,,,,,,,,,4.0,1.0,,,,,6.0,1.0,6.0,1.0,,,0.0,0.0,,,,,,,,,,,,,,,,,,,,,2.0,1.0,,,,,,,,,,,,,5.0,1.0,,,5,6
upeki_pretest_2_96,0,,,,,6.0,1.0,,,6.0,1.0,,,,,,,6.0,0.0,,,,,,,,,,,,,,,,,3.0,1.0,,,,,,,6.0,1.0,,,,,,,,,,,,,5.0,1.0,,,,,,,3.0,1.0,,,6.0,1.0,3.0,1.0,,,,,1,,,,,,,6.0,1.0,,,6.0,1.0,,,,,,,0.0,0.0,,,,,,,,,6.0,1.0,,,,,,,,,6.0,0.0,,,,,,,,,6.0,1.0,,,,,,,,,6.0,0.0,,,0.0,1.0,,,6.0,0.0,,,6,6
upeki_pretest_2_97,1,,,,,,,6.0,1.0,6.0,1.0,6.0,1.0,,,,,,,,,,,,,,,,,,,,,6.0,1.0,,,4.0,1.0,0.0,0.0,,,,,,,,,4.0,1.0,,,,,,,,,,,,,0.0,0.0,0.0,0.0,,,0.0,0.0,,,,,,,1,,,,,,,,,6.0,1.0,6.0,1.0,6.0,1.0,,,,,,,,,6.0,1.0,,,,,6.0,1.0,,,,,0.0,0.0,0.0,0.0,,,,,,,,,,,0.0,0.0,,,,,,,,,,,,,,,,,,,,,6,6
upeki_pretest_2_98,1,,,,,,,4.0,1.0,6.0,1.0,,,4.0,1.0,,,,,,,6.0,1.0,,,,,,,,,,,6.0,1.0,,,,,,,,,,,,,,,,,,,,,,,0.0,0.0,,,,,0.0,0.0,0.0,0.0,,,,,,,,,0.0,0.0,1,,,,,,,6.0,1.0,,,,,,,,,,,,,6.0,1.0,,,,,,,,,5.0,1.0,,,,,,,,,,,,,0.0,0.0,,,,,0.0,0.0,1.0,0.0,,,,,,,,,,,2.0,0.0,4.0,1.0,5.0,1.0,6,5
upeki_pretest_2_99,1,,,,,1.0,1.0,1.0,1.0,,,,,,,,,,,1.0,1.0,,,,,,,,,,,,,,,,,,,1.0,0.0,1.0,0.0,,,,,,,1.0,0.0,,,,,,,,,5.0,1.0,2.0,0.0,,,,,,,,,,,1.0,0.0,,,1,,,3.0,1.0,,,,,,,5.0,1.0,,,,,,,,,3.0,0.0,,,,,,,,,5.0,1.0,,,,,3.0,1.0,,,,,,,,,,,,,,,,,5.0,1.0,,,,,,,,,0.0,1.0,,,5.0,1.0,6,6
upeki_pretest_3_101,1,,,,,,,,,,,,,,,,,,,4.0,1.0,,,,,,,,,,,,,5.0,1.0,,,,,,,,,,,,,,,,,0.0,0.0,,,3.0,0.0,,,,,,,,,,,,,0.0,0.0,,,,,,,1,,,,,6.0,1.0,,,,,,,,,,,,,,,,,,,,,,,,,,,,,,,,,,,,,,,,,,,,,,,0.0,0.0,,,,,,,,,,,1.0,0.0,0.0,0.0,,,4,5
upeki_pretest_3_102,1,,,,,4.0,1.0,,,,,,,,,,,,,,,,,,,,,,,,,,,,,,,,,1.0,0.0,,,,,,,,,,,,,,,,,,,,,,,,,,,,,2.0,0.0,,,3.0,0.0,4.0,0.0,1,,,,,,,,,,,,,,,,,,,,,,,3.0,1.0,,,,,,,,,,,,,1.0,1.0,,,,,,,,,,,,,,,,,,,,,,,,,,,,,,,0.0,0.0,3,5
upeki_pretest_3_104,1,,,,,,,,,,,,,,,,,,,,,,,,,,,2.0,0.0,,,3.0,0.0,,,,,,,,,,,,,,,,,,,,,,,,,,,,,,,,,5.0,1.0,3.0,1.0,4.0,0.0,,,,,,,1,,,,,,,,,,,,,,,,,,,,,,,,,,,,,,,,,,,,,,,,,,,,,,,5.0,1.0,4.0,0.0,,,4.0,0.0,,,,,,,,,,,,,,,,,1,5
upeki_pretest_3_105,0,,,,,,,,,,,,,,,,,,,,,,,,,0.0,0.0,,,,,,,,,,,,,,,,,,,,,,,,,,,,,3.0,1.0,4.0,0.0,,,1.0,0.0,,,,,,,,,,,,,,,1,,,,,,,5.0,1.0,,,,,,,,,,,,,,,,,,,,,5.0,1.0,6.0,1.0,,,,,,,0.0,1.0,,,,,,,,,,,,,,,,,,,,,,,,,,,0.0,0.0,,,3,6
upeki_pretest_3_111,1,,,,,,,,,,,,,3.0,0.0,,,,,,,,,,,6.0,1.0,,,3.0,1.0,,,,,,,,,,,,,,,,,,,,,,,,,,,1.0,0.0,,,,,,,,,,,,,,,,,,,1,,,,,,,,,5.0,1.0,,,6.0,1.0,1.0,0.0,,,4.0,0.0,,,,,,,,,,,,,,,,,,,,,,,,,,,,,,,,,,,,,1.0,0.0,,,,,,,,,,,,,6,6
upeki_pretest_3_114,1,,,,,,,4.0,1.0,,,,,,,,,,,,,,,,,,,,,4.0,1.0,,,,,,,,,,,,,,,,,,,,,,,,,4.0,0.0,,,,,,,3.0,0.0,2.0,1.0,,,,,,,,,,,1,3.0,0.0,,,,,3.0,0.0,,,,,,,,,,,,,,,,,,,,,,,,,,,,,,,,,,,,,,,,,,,4.0,1.0,,,4.0,0.0,,,,,3.0,1.0,,,,,,,,,3,4
upeki_pretest_3_116,1,,,,,,,,,,,6.0,1.0,,,,,,,,,6.0,1.0,,,6.0,1.0,,,,,,,,,,,,,,,,,,,,,3.0,1.0,,,,,,,4.0,0.0,,,,,,,,,,,,,,,,,,,,,1,,,,,,,,,,,,,,,,,,,,,,,,,,,6.0,1.0,,,,,6.0,1.0,,,,,,,,,,,4.0,1.0,,,,,,,0.0,0.0,,,,,,,,,,,,,,,,,6,6
upeki_pretest_3_120,1,,,,,,,,,,,,,,,,,4.0,0.0,,,,,,,,,,,,,,,,,,,,,,,,,,,1.0,0.0,,,1.0,0.0,,,,,,,1.0,0.0,,,,,2.0,0.0,,,,,,,,,,,,,1,,,,,,,,,,,,,,,,,1.0,0.0,5.0,0.0,,,,,,,,,,,,,,,,,,,,,,,,,,,,,2.0,0.0,,,,,,,2.0,0.0,,,,,2.0,1.0,,,,,,,6,5
upeki_pretest_3_123,0,,,,,,,,,2.0,1.0,,,,,5.0,1.0,,,,,,,,,,,,,,,,,,,,,,,,,,,,,,,,,,,,,,,,,,,,,,,2.0,0.0,,,,,1.0,0.0,,,,,,,1,,,,,,,,,6.0,1.0,,,,,,,,,5.0,0.0,,,,,,,,,,,,,,,,,,,,,,,,,,,,,,,,,,,0.0,0.0,,,,,,,,,5.0,1.0,6.0,1.0,,,5,6
upeki_pretest_3_124,1,,,,,,,,,,,4.0,0.0,,,,,,,,,,,,,6.0,1.0,,,,,,,,,,,,,,,,,,,,,,,,,,,,,,,,,,,,,,,2.0,0.0,,,,,,,4.0,0.0,,,1,,,,,,,,,,,,,,,6.0,1.0,,,,,,,6.0,1.0,,,6.0,1.0,,,6.0,1.0,,,,,,,,,,,,,,,,,,,,,,,,,,,,,,,,,0.0,0.0,,,,,5,5
upeki_pretest_3_125,1,4.0,1.0,,,,,,,,,,,,,,,,,,,,,,,,,,,,,3.0,1.0,,,,,,,,,,,,,,,,,,,,,,,,,,,,,,,,,2.0,0.0,,,,,,,,,1.0,0.0,1,,,,,,,,,,,5.0,1.0,,,,,,,4.0,1.0,,,,,,,,,,,6.0,1.0,,,,,,,,,,,,,,,,,,,,,,,,,,,,,,,,,,,,,2.0,0.0,5,4
upeki_pretest_3_131,1,,,,,6.0,1.0,,,,,,,,,,,,,6.0,1.0,,,6.0,1.0,,,,,,,,,,,,,,,,,,,,,,,,,,,,,,,0.0,0.0,,,4.0,0.0,,,,,,,,,,,,,,,,,1,,,,,6.0,1.0,,,6.0,1.0,,,,,,,,,6.0,1.0,,,,,,,,,6.0,1.0,,,,,,,,,,,,,,,0.0,0.0,,,,,,,,,,,,,,,,,,,,,,,,,6,6
upeki_pretest_3_134,0,,,,,,,,,,,,,,,,,,,3.0,1.0,0.0,0.0,,,,,,,1.0,0.0,,,,,,,,,,,,,,,,,,,6.0,1.0,,,,,,,,,,,,,,,,,,,,,,,,,5.0,1.0,1,,,,,,,6.0,1.0,,,,,5.0,1.0,,,,,,,,,,,,,,,,,,,,,,,,,,,,,,,,,,,,,,,,,0.0,0.0,,,0.0,0.0,,,,,,,,,,,2,4
upeki_pretest_3_136,1,,,,,,,,,,,5.0,1.0,,,1.0,0.0,,,,,,,,,,,,,,,,,,,,,,,,,,,,,,,,,,,,,,,1.0,0.0,,,,,1.0,0.0,,,,,,,,,,,3.0,0.0,,,1,,,,,5.0,1.0,5.0,1.0,,,,,,,,,,,,,,,6.0,1.0,,,,,,,,,,,,,,,5.0,1.0,,,1.0,0.0,,,,,,,,,,,,,,,,,,,,,,,,,,,5,6
upeki_pretest_3_139,1,,,,,,,,,3.0,0.0,,,,,,,3.0,0.0,,,,,,,2.0,0.0,,,,,,,,,,,,,,,,,,,,,,,,,,,,,,,,,,,2.0,0.0,,,3.0,0.0,,,,,,,,,,,0,,,,,,,,,,,,,,,,,,,,,,,,,,,,,,,,,,,4.0,1.0,,,,,4.0,0.0,,,,,,,,,,,,,,,,,,,,,,,,,,,3.0,1.0,3,3
upeki_pretest_3_140,0,,,,,,,4.0,1.0,,,,,,,,,,,,,,,,,,,,,,,,,,,,,,,,,,,,,,,4.0,1.0,,,,,,,,,4.0,1.0,,,,,3.0,1.0,,,3.0,1.0,,,,,,,,,0,,,4.0,1.0,,,,,,,,,,,,,,,,,,,4.0,1.0,4.0,0.0,,,,,,,,,,,,,,,,,3.0,0.0,,,,,,,,,,,,,,,4.0,1.0,,,,,,,,,,,4,4
upeki_pretest_3_141,1,,,,,,,,,5.0,1.0,,,,,,,,,,,,,,,,,6.0,1.0,,,,,,,6.0,1.0,,,,,,,,,,,4.0,1.0,,,,,,,,,,,,,,,,,,,,,,,,,,,,,1,,,,,,,6.0,1.0,,,,,,,,,4.0,1.0,,,,,,,,,,,6.0,1.0,,,,,,,,,,,,,,,,,,,,,,,,,,,,,5.0,1.0,,,,,,,,,,,5,3
upeki_pretest_3_143,1,,,5.0,1.0,,,,,,,,,,,,,4.0,1.0,,,5.0,1.0,,,,,,,,,,,,,,,,,,,,,,,,,,,,,,,,,2.0,0.0,,,5.0,1.0,,,,,,,,,,,,,,,,,1,,,6.0,1.0,,,6.0,1.0,,,,,,,,,6.0,1.0,,,,,,,,,,,,,,,,,0.0,0.0,,,,,,,,,,,,,,,,,,,,,,,,,,,,,,,,,,,5,5
upeki_pretest_3_145,1,,,,,,,2.0,0.0,4.0,1.0,,,4.0,1.0,,,,,,,,,,,,,4.0,1.0,4.0,0.0,,,,,,,,,,,,,,,,,,,,,,,,,,,,,,,,,,,,,,,,,,,,,,,1,,,,,,,,,,,,,,,,,3.0,0.0,,,4.0,0.0,,,,,5.0,1.0,,,,,,,,,,,,,,,,,,,,,,,,,4.0,1.0,,,,,,,,,,,,,,,3.0,0.0,3,5
upeki_pretest_3_146,1,,,,,,,,,,,,,,,,,,,,,,,,,5.0,0.0,5.0,0.0,,,,,,,,,,,,,,,,,,,,,,,,,,,,,,,,,5.0,0.0,,,,,,,,,5.0,0.0,5.0,0.0,,,1,,,5.0,1.0,,,,,,,,,,,,,,,,,,,,,,,,,,,,,5.0,1.0,,,,,3.0,0.0,,,,,,,,,,,3.0,0.0,,,,,,,,,,,,,,,,,,,5,4
upeki_pretest_3_148,1,,,,,,,,,,,,,,,,,,,,,,,,,,,,,,,6.0,1.0,,,,,,,5.0,1.0,,,,,,,,,,,,,5.0,1.0,,,,,,,,,,,,,,,3.0,0.0,,,4.0,0.0,,,1,,,6.0,1.0,,,,,6.0,1.0,,,,,6.0,1.0,,,,,,,,,,,,,6.0,1.0,,,,,,,0.0,0.0,,,,,,,,,,,,,,,,,,,,,,,,,,,,,,,,,3,6
upeki_pretest_3_152,0,,,,,,,,,,,,,,,,,,,,,6.0,1.0,,,,,,,,,,,6.0,0.0,,,,,,,,,,,,,6.0,1.0,,,,,,,,,,,,,6.0,1.0,,,,,,,,,,,,,,,1,,,,,6.0,1.0,,,6.0,1.0,,,,,6.0,1.0,,,,,,,,,,,,,,,,,,,,,0.0,0.0,,,,,,,,,,,,,,,,,,,,,,,,,,,,,,,,,6,6
upeki_pretest_3_153,0,,,,,,,,,,,,,,,,,,,,,,,,,,,2.0,0.0,,,,,,,,,4.0,1.0,,,,,,,,,,,5.0,1.0,2.0,1.0,,,,,,,,,3.0,1.0,,,,,,,,,,,,,,,1,,,,,,,,,,,,,,,6.0,0.0,,,5.0,1.0,5.0,1.0,,,,,,,,,,,,,,,1.0,0.0,,,,,,,,,,,,,,,,,,,,,,,,,,,,,,,,,3,4
upeki_pretest_3_154,1,,,6.0,1.0,,,3.0,1.0,,,,,,,,,,,,,6.0,1.0,,,,,,,,,,,,,3.0,0.0,,,,,,,,,,,,,4.0,0.0,,,,,,,,,,,,,,,,,,,,,,,,,,,1,,,,,,,,,,,,,,,,,,,,,6.0,1.0,,,,,,,,,3.0,1.0,,,,,,,,,,,,,,,,,1.0,0.0,,,,,,,,,,,3.0,1.0,,,,,,,,,6,5
upeki_pretest_3_155,0,,,,,,,3.0,0.0,,,6.0,0.0,,,,,,,,,,,,,,,,,,,,,,,,,6.0,1.0,,,,,,,,,,,,,,,,,,,6.0,1.0,6.0,1.0,,,,,,,,,,,,,,,,,1,,,,,6.0,1.0,,,,,,,,,,,,,,,,,,,,,,,,,,,,,4.0,1.0,2.0,0.0,,,,,,,,,,,,,,,,,,,,,,,,,,,,,,,,,6,6
upeki_pretest_3_16,0,,,,,,,,,,,,,,,,,,,,,,,,,,,,,,,0.0,0.0,,,,,1.0,0.0,,,,,,,,,,,,,,,,,4.0,1.0,,,,,,,,,,,,,,,4.0,1.0,,,,,1,,,,,,,6.0,1.0,,,,,,,,,,,,,,,,,,,6.0,1.0,,,,,,,,,,,0.0,0.0,,,,,,,0.0,0.0,,,,,,,,,,,,,,,,,,,,,,,4,6
upeki_pretest_3_160,0,,,,,,,0.0,0.0,,,,,,,,,,,,,,,,,,,,,,,,,,,,,,,5.0,1.0,,,3.0,0.0,,,,,,,,,,,,,,,,,,,,,,,,,,,,,6.0,1.0,6.0,1.0,1,4.0,1.0,,,,,,,,,,,,,,,,,,,,,,,,,,,,,,,,,,,,,4.0,0.0,,,,,,,5.0,1.0,,,,,,,,,0.0,0.0,,,,,,,,,,,,,5,6
upeki_pretest_3_165,0,1.0,0.0,,,,,,,,,,,,,,,,,,,,,,,,,,,,,,,,,,,,,,,6.0,1.0,,,,,,,6.0,1.0,,,,,,,,,,,,,3.0,0.0,3.0,0.0,,,,,,,,,,,1,,,,,,,,,,,,,,,,,,,,,,,,,4.0,1.0,,,,,,,,,,,,,,,,,2.0,0.0,3.0,0.0,,,,,,,,,,,,,,,,,2.0,0.0,,,,,2.0,0.0,3,6
upeki_pretest_3_17,1,,,,,,,,,,,,,,,,,,,,,,,,,6.0,1.0,4.0,1.0,,,,,,,,,,,,,,,,,,,,,,,4.0,0.0,,,,,2.0,0.0,,,,,,,,,,,,,5.0,1.0,,,,,1,,,,,,,6.0,1.0,,,,,,,,,,,,,,,,,,,,,,,,,3.0,0.0,,,,,,,,,,,2.0,0.0,,,,,,,,,0.0,0.0,,,,,,,,,4.0,0.0,,,,,2,6
upeki_pretest_3_170,1,6.0,1.0,,,,,,,,,,,,,,,4.0,0.0,4.0,1.0,,,,,,,,,,,,,,,,,,,,,,,,,,,,,,,,,,,,,3.0,0.0,,,2.0,0.0,,,,,,,,,,,,,,,1,,,,,,,,,,,,,,,,,,,6.0,1.0,,,,,,,6.0,1.0,,,,,6.0,1.0,1.0,0.0,,,,,,,,,,,,,,,,,,,,,,,,,,,,,,,,,,,6,6
upeki_pretest_3_178,1,6.0,0.0,,,,,,,4.0,1.0,,,,,,,,,,,,,,,,,,,,,,,,,,,,,1.0,0.0,,,,,,,,,,,,,,,,,,,,,,,,,,,,,2.0,0.0,,,,,,,1,,,,,,,,,,,4.0,1.0,,,,,,,,,,,,,,,,,,,,,,,,,,,1.0,0.0,,,,,,,,,2.0,0.0,,,5.0,0.0,,,,,,,,,,,,,,,,,5,6
upeki_pretest_3_18,1,,,,,,,,,,,,,,,,,5.0,1.0,,,,,,,,,,,,,,,,,,,,,,,,,4.0,1.0,,,,,,,3.0,1.0,,,,,,,,,,,,,,,,,,,1.0,0.0,,,,,1,,,6.0,1.0,,,,,,,,,,,,,,,,,,,,,,,,,,,,,,,,,,,,,,,,,,,,,,,,,,,0.0,0.0,,,,,,,,,0.0,0.0,,,,,4,6
upeki_pretest_3_181,1,,,,,,,,,6.0,1.0,6.0,1.0,,,,,,,,,,,,,,,,,5.0,1.0,,,3.0,1.0,,,,,,,,,,,,,,,,,,,,,,,,,,,,,,,,,4.0,1.0,,,,,,,,,1,,,,,,,,,,,,,,,,,,,,,,,,,,,,,,,,,,,,,,,,,,,,,6.0,1.0,,,,,,,,,,,5.0,0.0,,,,,6.0,0.0,,,,,4.0,1.0,6,6
upeki_pretest_3_186,1,,,,,,,,,,,,,,,,,,,,,,,6.0,1.0,,,,,,,,,,,,,,,,,,,,,,,,,,,,,,,,,,,3.0,0.0,1.0,0.0,0.0,0.0,,,2.0,0.0,,,,,,,,,1,,,,,,,,,,,,,,,,,,,,,,,,,,,,,6.0,1.0,,,,,,,,,0.0,0.0,,,,,,,,,,,,,,,,,,,,,,,,,,,,,6.0,1.0,6,6
upeki_pretest_3_187,1,,,,,,,,,,,,,,,3.0,0.0,,,,,,,3.0,0.0,,,,,,,,,,,3.0,0.0,,,3.0,0.0,,,,,,,,,,,,,,,,,,,,,,,,,,,,,,,,,,,,,1,,,6.0,1.0,,,,,,,,,,,,,,,,,,,,,,,,,,,,,,,0.0,0.0,,,,,,,0.0,0.0,,,,,,,,,,,0.0,0.0,,,,,,,,,0.0,0.0,,,,,6,6
upeki_pretest_3_188,1,,,5.0,1.0,,,,,,,,,,,,,,,,,,,,,,,,,,,,,,,,,,,2.0,0.0,,,2.0,0.0,0.0,0.0,,,,,,,,,,,,,,,,,,,,,,,2.0,0.0,,,,,,,1,,,,,,,,,,,,,,,,,,,,,,,,,,,,,,,,,,,,,,,,,,,,,,,,,,,3.0,0.0,,,,,1.0,0.0,,,,,,,1.0,0.0,,,,,4,6
upeki_pretest_3_189,1,,,,,,,,,,,,,,,,,,,,,,,,,4.0,1.0,,,,,,,,,,,,,,,,,,,,,3.0,0.0,,,,,,,,,,,4.0,1.0,,,1.0,0.0,,,3.0,0.0,,,,,,,,,0,4.0,1.0,,,,,,,,,,,,,,,,,,,4.0,0.0,,,,,,,,,,,,,,,,,,,,,,,4.0,1.0,,,,,,,,,,,,,4.0,1.0,,,,,,,,,,,3,4
upeki_pretest_3_19,1,,,,,,,,,6.0,1.0,,,,,4.0,1.0,,,,,,,,,,,,,,,,,,,,,6.0,1.0,,,,,,,,,,,,,,,4.0,0.0,,,,,,,,,,,4.0,1.0,,,,,,,,,,,1,,,,,,,,,,,,,,,,,,,,,,,,,,,,,,,,,6.0,1.0,0.0,0.0,,,,,,,,,,,1.0,0.0,,,,,0.0,0.0,0.0,0.0,,,,,,,,,,,,,,,6,6
upeki_pretest_3_190,1,,,,,5.0,0.0,,,,,,,5.0,0.0,5.0,0.0,,,5.0,0.0,,,,,,,,,,,,,,,,,,,,,,,,,,,,,,,,,,,5.0,0.0,,,,,,,,,,,,,,,,,,,,,1,,,5.0,0.0,,,,,,,,,,,,,,,,,,,,,,,5.0,1.0,,,5.0,0.0,,,,,,,,,5.0,1.0,,,,,,,,,,,,,,,,,,,,,,,,,,,,,3,5
upeki_pretest_3_191,0,,,,,,,,,,,,,,,,,,,,,5.0,1.0,,,,,,,,,,,6.0,1.0,,,,,5.0,0.0,,,,,,,,,,,,,,,,,3.0,0.0,,,,,,,,,,,,,,,,,,,1,,,,,,,,,6.0,1.0,,,,,,,,,,,,,,,,,,,,,,,,,,,,,,,,,,,,,,,0.0,0.0,,,,,,,,,,,,,,,4.0,1.0,,,6.0,1.0,3,5
upeki_pretest_3_192,1,,,4.0,0.0,,,,,,,,,,,,,,,4.0,0.0,,,,,4.0,0.0,4.0,0.0,,,,,,,,,,,,,,,,,,,,,,,,,,,,,,,,,,,,,4.0,0.0,,,,,,,,,,,1,,,,,,,,,,,,,,,,,,,4.0,0.0,,,4.0,0.0,,,,,,,,,,,,,,,,,,,,,,,,,,,,,,,1.0,0.0,,,,,,,,,,,,,,,3,3
upeki_pretest_3_194,1,,,,,,,,,,,,,,,,,,,,,4.0,1.0,,,,,,,,,,,,,,,,,,,,,1.0,0.0,,,,,3.0,1.0,,,3.0,0.0,,,,,,,2.0,0.0,,,,,,,,,,,,,,,1,,,,,,,,,,,,,6.0,1.0,,,,,,,,,6.0,1.0,,,,,,,,,,,,,,,,,,,,,,,,,,,,,0.0,0.0,1.0,0.0,,,,,,,0.0,0.0,,,,,,,4,6
upeki_pretest_3_196,1,6.0,1.0,,,,,5.0,1.0,,,,,,,,,,,,,,,,,,,,,,,,,,,,,,,,,6.0,1.0,,,,,,,,,,,,,,,,,,,,,,,,,,,5.0,0.0,,,,,6.0,1.0,1,,,,,,,,,,,,,6.0,1.0,,,,,,,,,,,,,,,,,,,,,,,,,,,,,5.0,0.0,,,,,3.0,0.0,5.0,1.0,,,,,,,,,,,,,,,,,,,6,6
upeki_pretest_3_197,1,,,,,,,,,,,6.0,1.0,,,,,,,,,,,,,,,5.0,1.0,1.0,0.0,,,,,,,1.0,0.0,,,,,,,,,,,,,,,,,,,,,,,0.0,0.0,,,,,,,,,,,,,,,1,,,,,,,,,,,,,,,,,,,,,6.0,1.0,,,,,,,,,,,,,,,,,,,0.0,0.0,,,,,,,,,,,,,,,,,,,0.0,0.0,,,0.0,0.0,,,,,6,6
upeki_pretest_3_198,1,4.0,1.0,,,,,,,,,,,,,,,,,,,,,,,,,,,,,,,,,,,6.0,1.0,,,6.0,1.0,,,,,,,5.0,1.0,,,,,,,,,,,,,,,,,,,,,,,,,5.0,0.0,1,6.0,1.0,,,,,,,,,,,,,,,,,,,,,,,,,6.0,1.0,,,,,2.0,1.0,,,,,,,,,,,,,,,,,,,4.0,0.0,,,,,,,,,,,,,,,6.0,1.0,6,6
upeki_pretest_3_199,1,,,,,,,,,,,,,,,,,1.0,0.0,,,,,,,,,,,,,,,,,,,,,,,,,,,,,,,,,,,,,,,,,,,3.0,0.0,0.0,0.0,,,,,0.0,0.0,,,,,1.0,0.0,1,,,,,,,,,,,,,,,,,,,,,,,,,3.0,1.0,,,,,,,,,3.0,0.0,,,,,,,,,,,,,,,,,,,,,,,,,,,0.0,0.0,,,,,2.0,1.0,6,6
upeki_pretest_3_20,1,,,,,,,,,,,,,3.0,0.0,,,,,4.0,1.0,,,5.0,1.0,,,,,,,,,2.0,0.0,,,,,,,,,,,,,,,,,,,,,,,,,4.0,1.0,,,,,,,,,,,,,,,,,0,,,,,,,,,,,,,,,,,,,,,,,,,,,,,,,,,,,,,,,3.0,0.0,,,5.0,1.0,,,,,,,,,,,,,,,4.0,1.0,5.0,1.0,4.0,0.0,,,,,,,4,4
upeki_pretest_3_21,1,,,,,,,5.0,1.0,,,,,,,,,,,,,,,,,5.0,0.0,,,,,,,,,,,,,5.0,0.0,,,,,,,,,,,,,,,,,,,,,,,5.0,0.0,4.0,0.0,,,,,,,,,,,0,,,,,,,,,4.0,1.0,,,,,,,,,,,,,,,,,,,,,,,,,,,,,,,,,4.0,1.0,,,5.0,1.0,,,,,,,,,,,,,,,,,,,5.0,1.0,,,3,6
upeki_pretest_3_22,1,,,,,,,,,,,,,,,5.0,1.0,,,4.0,1.0,,,,,5.0,1.0,,,,,,,,,,,6.0,1.0,,,,,,,,,,,,,,,,,,,,,,,,,,,,,,,,,5.0,1.0,,,,,1,5.0,1.0,,,,,5.0,1.0,,,,,,,,,,,,,4.0,1.0,,,,,,,,,,,,,,,,,,,,,,,,,,,6.0,1.0,,,,,,,,,,,,,,,5.0,1.0,,,,,0,3
upeki_pretest_3_23,0,,,,,,,,,,,,,,,,,,,,,,,,,,,,,,,6.0,1.0,,,5.0,1.0,,,5.0,0.0,,,,,,,,,,,,,,,,,,,,,,,,,,,6.0,1.0,,,,,,,,,0,,,,,,,,,5.0,1.0,,,,,,,,,,,,,6.0,0.0,,,,,,,,,,,,,,,,,,,,,,,,,,,,,,,,,6.0,1.0,,,,,,,6.0,1.0,,,,,6,6
upeki_pretest_3_24,1,,,6.0,1.0,,,,,,,,,,,,,,,,,4.0,1.0,6.0,1.0,,,,,,,,,,,,,,,,,,,,,,,,,,,,,,,,,3.0,0.0,,,,,,,,,,,,,,,,,2.0,0.0,1,,,,,,,,,,,,,6.0,1.0,,,,,,,6.0,1.0,,,,,6.0,1.0,,,6.0,1.0,,,,,,,,,,,0.0,0.0,,,,,,,,,,,,,,,,,,,,,,,,,,,5,1
upeki_pretest_3_25,1,,,6.0,0.0,,,,,,,,,5.0,1.0,,,,,3.0,1.0,,,,,,,,,,,,,,,,,,,,,1.0,1.0,,,,,,,,,,,,,,,,,0.0,0.0,,,,,,,,,,,,,,,,,1,,,,,,,,,,,,,,,,,,,,,,,,,,,,,,,,,,,,,,,,,0.0,0.0,0.0,1.0,5.0,1.0,,,,,,,,,,,,,,,,,,,,,,,,,6,6
upeki_pretest_3_26,1,,,,,,,,,,,,,1.0,1.0,,,5.0,1.0,,,,,,,,,,,,,,,,,,,5.0,1.0,4.0,1.0,,,,,,,,,,,,,,,,,,,,,,,3.0,0.0,,,,,,,,,,,,,1,,,,,,,,,,,,,,,,,,,,,,,,,4.0,1.0,,,,,,,,,,,,,,,,,,,,,,,,,,,3.0,0.0,,,,,6.0,1.0,,,,,,,,,2.0,1.0,4,6
upeki_pretest_3_27,1,,,,,,,,,,,,,,,,,,,,,,,,,,,2.0,0.0,,,,,,,,,,,4.0,0.0,,,,,,,,,,,,,,,,,,,,,,,1.0,0.0,2.0,0.0,,,,,,,,,4.0,0.0,1,,,,,,,,,,,,,,,,,,,,,,,,,3.0,0.0,,,,,,,,,,,,,6.0,1.0,,,,,4.0,0.0,,,,,1.0,0.0,,,,,,,3.0,0.0,,,,,,,,,,,6,4
upeki_pretest_3_28,1,,,,,,,,,,,,,,,,,,,,,,,6.0,1.0,,,5.0,1.0,,,,,,,,,,,,,5.0,1.0,,,1.0,0.0,,,,,,,,,,,,,,,,,2.0,0.0,,,,,,,,,,,,,0,,,6.0,1.0,,,,,,,,,,,,,,,,,,,,,,,,,6.0,1.0,,,,,,,,,,,,,3.0,0.0,,,6.0,1.0,,,,,,,,,,,,,,,4.0,0.0,,,,,,,6,5
upeki_pretest_3_29,1,,,,,,,,,,,,,,,,,,,,,,,6.0,1.0,,,,,,,,,,,6.0,1.0,6.0,1.0,,,,,,,,,,,,,,,,,0.0,0.0,,,,,,,,,,,,,,,,,6.0,0.0,,,1,,,6.0,1.0,,,6.0,1.0,,,,,,,,,,,,,,,,,,,,,,,,,6.0,1.0,,,,,,,,,,,,,,,,,,,6.0,0.0,,,,,,,,,,,,,,,,,0,0
upeki_pretest_3_30,0,,,,,,,4.0,1.0,,,4.0,0.0,,,,,,,,,1.0,0.0,,,,,,,3.0,1.0,,,,,,,,,,,,,,,,,3.0,0.0,,,,,,,,,,,,,,,,,,,,,,,,,,,,,1,,,,,,,,,,,,,5.0,1.0,,,,,,,,,5.0,0.0,,,,,,,,,3.0,0.0,,,,,,,,,,,,,,,,,4.0,1.0,,,,,,,,,,,,,,,,,,,2,4
upeki_pretest_3_31,1,,,,,,,3.0,0.0,,,,,,,,,,,,,,,,,,,,,,,,,,,,,,,,,,,,,,,3.0,1.0,,,,,,,,,,,,,3.0,1.0,,,,,3.0,0.0,,,,,3.0,1.0,,,1,,,,,,,,,,,,,3.0,1.0,,,,,,,,,,,,,,,,,3.0,1.0,,,,,,,,,3.0,1.0,,,,,,,,,3.0,1.0,,,,,,,,,,,,,,,3.0,1.0,,,3,3
upeki_pretest_3_33,1,,,,,,,,,,,,,,,,,,,,,,,,,,,5.0,1.0,,,5.0,1.0,,,,,,,,,,,,,,,,,,,,,,,,,,,5.0,1.0,,,,,,,,,1.0,0.0,,,,,1.0,0.0,1,,,,,,,,,,,2.0,0.0,,,,,,,,,,,,,,,,,,,5.0,1.0,6.0,1.0,,,,,,,,,,,,,,,,,,,,,,,,,,,,,1.0,0.0,,,,,,,6,6
upeki_pretest_3_34,0,,,,,0.0,0.0,,,,,,,,,,,,,,,,,,,,,,,,,,,,,,,,,0.0,1.0,,,,,,,,,,,,,,,,,,,,,,,0.0,1.0,0.0,1.0,0.0,1.0,,,,,,,,,1,2.0,1.0,,,,,,,3.0,1.0,,,,,,,,,,,4.0,1.0,,,,,,,,,,,,,5.0,1.0,,,1.0,1.0,,,,,,,,,,,,,,,,,,,,,,,,,,,,,,,5,6
upeki_pretest_3_35,0,,,,,,,,,,,,,,,,,,,,,,,,,,,,,3.0,1.0,4.0,0.0,,,,,,,,,,,3.0,0.0,,,,,,,,,,,,,,,2.0,1.0,,,,,,,,,,,,,,,3.0,1.0,0,,,,,,,4.0,1.0,,,,,,,,,,,,,,,,,,,,,,,,,,,,,,,,,,,,,1.0,1.0,3.0,1.0,,,,,,,,,,,,,3.0,0.0,5.0,0.0,,,,,,,3,3
upeki_pretest_3_36,1,,,,,,,4.0,1.0,,,,,,,,,,,,,,,,,,,3.0,1.0,,,,,,,,,,,,,3.0,1.0,,,,,,,,,,,,,,,,,,,,,,,,,,,,,,,3.0,0.0,4.0,0.0,1,,,,,,,,,3.0,1.0,,,,,,,,,,,,,,,,,,,,,,,,,4.0,1.0,,,,,,,,,,,,,,,,,,,,,,,3.0,0.0,,,3.0,0.0,,,,,,,3,4
upeki_pretest_3_37,1,,,6.0,1.0,,,,,,,,,,,,,5.0,1.0,,,,,,,,,,,,,,,,,,,,,,,,,,,,,,,,,,,5.0,1.0,,,,,,,,,6.0,0.0,,,,,,,,,,,,,1,,,,,,,,,,,,,,,,,,,,,,,,,,,,,,,,,6.0,1.0,,,,,,,,,,,,,,,,,,,,,,,,,4.0,1.0,,,,,,,,,,,6,5
upeki_pretest_3_38,0,,,,,,,,,,,,,,,,,,,2.0,0.0,4.0,0.0,,,,,4.0,0.0,,,,,,,,,,,,,,,,,,,,,,,,,,,4.0,0.0,3.0,0.0,,,,,,,,,,,,,,,,,,,0,,,,,,,,,,,,,,,,,,,,,,,,,,,,,,,3.0,0.0,,,,,,,4.0,1.0,,,,,,,,,,,,,,,,,,,,,,,,,1.0,0.0,2.0,1.0,,,2,4
upeki_pretest_3_39,1,,,,,,,,,,,,,,,,,6.0,1.0,,,,,6.0,1.0,,,,,,,3.0,0.0,,,,,,,,,,,2.0,0.0,,,,,,,,,,,,,,,,,,,,,,,,,,,,,,,,,1,,,,,,,,,,,,,,,,,,,,,,,6.0,1.0,,,,,,,,,,,,,,,,,,,,,,,,,,,,,,,3.0,0.0,,,,,4.0,1.0,2.0,0.0,,,,,5.0,1.0,5,6
upeki_pretest_3_40,1,,,,,3.0,0.0,,,,,,,,,,,,,,,,,,,,,,,4.0,1.0,,,,,,,5.0,1.0,5.0,0.0,,,,,,,,,,,,,,,,,,,,,,,,,,,,,,,,,5.0,0.0,,,1,,,,,,,,,,,,,6.0,1.0,,,4.0,1.0,,,,,,,,,5.0,1.0,,,6.0,1.0,,,,,,,,,,,,,1.0,0.0,,,,,,,,,,,,,,,,,,,,,,,,,2,5
upeki_pretest_3_42,1,,,1.0,0.0,,,4.0,0.0,,,,,5.0,1.0,,,,,,,,,,,5.0,1.0,,,,,,,,,,,,,3.0,0.0,,,,,,,,,,,,,,,,,,,,,,,,,,,,,,,,,,,,,0,6.0,1.0,,,,,,,,,,,5.0,1.0,,,,,,,5.0,1.0,,,,,,,,,,,,,,,,,,,,,,,,,,,,,,,,,,,,,4.0,1.0,,,6.0,1.0,,,,,,,6,3
upeki_pretest_3_43,1,,,,,,,,,,,,,,,,,,,,,6.0,1.0,,,,,6.0,1.0,,,,,,,,,,,,,,,,,,,4.0,1.0,,,,,,,5.0,1.0,4.0,1.0,,,,,,,,,,,,,,,,,,,1,,,,,,,,,,,,,6.0,1.0,,,,,,,,,,,,,,,,,6.0,1.0,,,,,,,,,,,,,,,4.0,0.0,,,,,,,,,,,,,4.0,0.0,,,,,6.0,1.0,,,4,5
upeki_pretest_3_44,1,,,,,,,,,,,6.0,1.0,,,,,,,3.0,1.0,,,,,5.0,1.0,,,,,,,3.0,1.0,,,,,,,,,,,,,,,,,,,,,,,0.0,0.0,,,,,,,,,,,,,,,,,,,1,,,,,,,,,,,,,,,,,,,,,,,6.0,1.0,,,,,,,,,,,,,,,,,0.0,0.0,0.0,0.0,,,0.0,0.0,,,,,,,,,,,,,,,,,,,,,2.0,0.0,6,5
upeki_pretest_3_45,0,,,,,2.0,0.0,,,,,,,,,,,,,,,,,,,,,,,,,,,,,,,,,,,,,,,,,,,6.0,1.0,6.0,1.0,,,,,,,,,6.0,1.0,,,,,,,,,,,,,4.0,0.0,0,,,,,,,,,,,,,,,,,,,,,,,,,,,,,,,3.0,0.0,,,,,,,,,,,3.0,0.0,,,,,,,,,5.0,1.0,,,,,,,,,,,,,,,,,4,1
upeki_pretest_3_47,1,,,,,,,,,,,,,,,,,,,,,,,,,,,,,,,,,6.0,1.0,,,,,,,6.0,1.0,,,,,,,,,,,,,4.0,1.0,2.0,0.0,,,,,,,,,,,,,,,,,2.0,0.0,1,,,,,,,,,,,,,,,,,,,,,,,5.0,1.0,,,,,,,,,,,,,,,,,,,,,,,1.0,0.0,0.0,0.0,5.0,1.0,,,,,,,,,,,2.0,0.0,,,,,,,4,6
upeki_pretest_3_48,1,,,,,,,,,3.0,1.0,,,3.0,1.0,,,,,,,,,,,,,,,,,,,,,,,,,,,3.0,0.0,,,,,,,,,,,,,3.0,0.0,,,,,,,,,,,,,,,,,,,3.0,0.0,1,3.0,1.0,,,,,,,,,3.0,1.0,,,,,,,,,,,,,,,,,,,,,,,3.0,1.0,,,,,,,3.0,1.0,,,,,,,,,,,,,,,,,,,,,3.0,0.0,,,,,6,6
upeki_pretest_3_49,1,,,,,4.0,1.0,,,,,,,,,,,,,,,,,,,,,,,,,5.0,1.0,,,,,,,,,,,,,,,,,,,,,,,,,,,,,2.0,0.0,1.0,0.0,,,1.0,0.0,,,,,,,,,0,,,,,,,,,,,,,,,4.0,1.0,,,4.0,1.0,,,,,,,,,,,,,,,,,,,,,2.0,0.0,,,,,,,2.0,1.0,,,,,,,,,,,,,,,,,,,,,4,3
upeki_pretest_3_50,1,,,,,,,,,,,4.0,1.0,,,,,,,,,,,,,,,5.0,1.0,,,,,,,,,,,,,,,,,,,,,,,1.0,0.0,,,,,,,,,,,,,2.0,0.0,,,,,0.0,0.0,,,,,1,,,,,,,,,,,,,,,6.0,1.0,6.0,1.0,,,,,,,,,,,,,,,,,,,,,0.0,0.0,,,1.0,0.0,,,,,,,,,,,,,,,,,,,2.0,0.0,,,,,,,5,6
upeki_pretest_3_51,0,,,,,,,,,0.0,1.0,,,,,,,,,,,,,,,,,,,,,,,,,,,,,,,,,,,2.0,1.0,,,3.0,1.0,4.0,1.0,,,,,,,,,,,,,,,,,,,,,,,,,0,,,3.0,1.0,,,,,,,4.0,1.0,,,,,3.0,1.0,,,,,,,,,3.0,1.0,,,,,,,,,,,,,,,,,,,,,,,2.0,1.0,,,,,,,,,,,,,,,,,,,3,3
upeki_pretest_3_52,0,,,,,,,,,,,1.0,0.0,,,,,,,,,,,,,0.0,0.0,,,,,0.0,0.0,,,,,,,,,,,,,,,,,,,,,,,,,6.0,1.0,,,,,,,,,,,,,,,,,6.0,1.0,0,,,,,,,,,,,,,,,,,,,,,3.0,0.0,,,,,,,3.0,0.0,,,,,,,,,,,,,4.0,0.0,,,,,,,,,5.0,1.0,,,,,6.0,1.0,,,,,,,,,,,6,6
upeki_pretest_3_53,0,1.0,1.0,,,,,,,,,,,,,3.0,1.0,,,,,,,,,,,,,,,,,,,,,,,,,2.0,1.0,,,,,,,,,,,,,,,,,,,,,3.0,0.0,,,,,,,,,,,1.0,1.0,0,,,,,,,,,,,,,,,2.0,1.0,,,,,,,,,,,1.0,0.0,,,,,,,,,,,,,,,,,,,,,,,3.0,0.0,,,,,,,2.0,1.0,3.0,0.0,,,,,,,,,4,4
upeki_pretest_3_54,1,,,,,,,,,6.0,1.0,,,,,,,6.0,1.0,,,,,,,,,4.0,1.0,4.0,0.0,,,,,,,,,,,,,,,,,,,,,,,,,6.0,1.0,,,,,,,,,,,,,,,,,,,,,1,,,,,6.0,1.0,,,,,6.0,1.0,,,,,,,,,,,,,,,,,4.0,1.0,,,,,,,,,,,2.0,0.0,,,,,,,,,,,,,2.0,0.0,,,,,,,,,,,,,,,5,6
upeki_pretest_3_55,0,,,,,,,,,,,,,,,,,,,,,,,,,0.0,1.0,,,4.0,0.0,3.0,1.0,,,2.0,0.0,,,,,,,1.0,1.0,,,,,,,,,,,,,,,,,,,,,,,,,,,,,,,,,1,,,,,,,,,,,,,,,,,,,,,,,,,3.0,0.0,,,,,,,3.0,1.0,2.0,0.0,,,,,,,,,4.0,1.0,,,,,,,,,,,,,,,,,,,,,,,,,3,4
upeki_pretest_3_56,1,,,,,5.0,1.0,,,,,,,,,,,,,,,,,,,,,,,,,,,,,,,,,,,,,,,,,,,,,,,,,,,1.0,0.0,,,,,,,0.0,0.0,0.0,0.0,,,,,,,,,1,,,,,,,,,6.0,1.0,,,6.0,1.0,,,,,,,,,,,6.0,1.0,,,,,,,,,,,,,,,,,1.0,0.0,,,,,,,,,,,,,,,,,,,,,,,,,,,6,6
upeki_pretest_3_57,1,4.0,1.0,,,,,,,,,,,,,,,3.0,1.0,,,4.0,0.0,,,,,,,,,,,,,,,,,,,,,,,,,3.0,0.0,,,,,,,,,,,,,,,3.0,1.0,,,,,,,,,,,,,1,6.0,1.0,,,5.0,1.0,,,,,,,,,,,,,,,,,,,,,,,,,4.0,1.0,,,,,,,,,,,,,,,,,,,,,,,,,,,,,,,,,,,,,4.0,1.0,4,3
upeki_pretest_3_59,1,,,,,,,,,,,,,,,,,,,6.0,1.0,6.0,1.0,,,,,,,4.0,1.0,5.0,1.0,,,,,,,,,,,,,3.0,1.0,,,,,,,,,,,,,,,,,,,,,,,,,,,,,,,0,,,,,,,,,,,,,,,,,,,,,,,,,2.0,0.0,2.0,0.0,5.0,1.0,,,,,,,,,,,,,,,,,,,,,,,,,,,,,,,3.0,0.0,,,,,,,,,2,3
upeki_pretest_3_60,1,,,,,,,,,,,,,,,,,,,,,,,,,,,,,,,,,,,,,0.0,0.0,,,5.0,1.0,,,1.0,0.0,,,,,,,2.0,0.0,,,,,,,,,2.0,0.0,,,,,,,,,,,,,1,,,,,,,6.0,1.0,,,,,,,,,,,,,,,,,,,,,,,,,,,1.0,0.0,,,,,,,,,,,,,0.0,0.0,,,,,,,,,4.0,0.0,5.0,0.0,,,,,,,,,2,6
upeki_pretest_3_63,1,,,,,4.0,1.0,,,,,,,5.0,1.0,,,,,5.0,0.0,,,,,,,,,,,4.0,1.0,,,,,,,2.0,0.0,,,,,,,,,,,,,,,,,,,,,,,,,,,,,,,,,,,,,1,,,,,6.0,1.0,,,6.0,1.0,,,,,,,,,,,,,,,,,,,,,,,,,2.0,0.0,,,,,,,,,,,,,,,,,,,,,2.0,0.0,,,,,,,,,,,,,6,6
upeki_pretest_3_64,1,,,,,,,,,,,,,,,3.0,0.0,,,,,,,,,,,1.0,0.0,,,,,,,,,,,,,,,,,3.0,0.0,,,5.0,1.0,,,,,,,,,,,4.0,1.0,,,,,,,,,,,,,,,1,,,,,,,,,,,,,,,,,,,,,,,,,,,5.0,1.0,,,,,4.0,1.0,,,,,,,,,,,1.0,1.0,,,,,,,,,,,,,,,,,,,1.0,0.0,,,,,2,5
upeki_pretest_3_65,0,,,,,,,3.0,0.0,,,,,,,,,,,,,4.0,1.0,,,,,,,,,,,,,,,,,,,,,,,1.0,0.0,,,,,3.0,1.0,,,,,,,,,,,,,,,,,,,2.0,0.0,,,,,1,,,,,,,,,,,,,5.0,1.0,,,,,,,,,,,,,,,,,4.0,1.0,,,,,,,,,,,,,,,,,1.0,0.0,,,2.0,0.0,,,,,,,3.0,0.0,,,,,,,,,2,4
upeki_pretest_3_66,1,,,,,,,,,,,,,,,,,,,0.0,1.0,,,,,,,,,,,,,,,,,,,,,,,,,,,0.0,1.0,,,0.0,1.0,,,,,0.0,1.0,,,,,,,,,0.0,1.0,,,,,,,,,1,,,,,,,,,,,,,,,,,6.0,0.0,,,,,,,,,,,,,,,6.0,0.0,,,,,,,,,,,,,,,,,6.0,0.0,,,,,6.0,0.0,,,,,,,,,,,,,6,6
upeki_pretest_3_68,1,4.0,0.0,,,,,,,5.0,1.0,,,,,,,,,5.0,1.0,,,,,,,,,,,,,,,,,,,,,,,,,,,,,,,,,1.0,0.0,,,,,,,,,,,,,1.0,0.0,,,,,,,,,1,,,,,,,,,,,,,,,,,,,6.0,1.0,4.0,1.0,,,,,,,,,6.0,1.0,,,,,,,,,,,,,,,,,,,2.0,0.0,,,,,,,,,,,,,,,,,,,4,5
upeki_pretest_3_69,1,,,,,,,,,,,,,,,,,,,,,4.0,1.0,,,,,,,,,,,,,,,,,1.0,0.0,,,,,,,,,,,,,,,,,,,,,,,,,,,,,,,0.0,0.0,,,1.0,0.0,1,,,,,,,,,,,,,4.0,1.0,,,,,,,,,,,2.0,0.0,3.0,1.0,,,,,,,,,1.0,1.0,,,5.0,1.0,,,,,,,,,,,,,,,,,,,,,,,,,,,,,6,4
upeki_pretest_3_71,1,6.0,1.0,,,,,,,0.0,1.0,,,,,,,,,,,,,,,6.0,1.0,6.0,1.0,,,,,,,,,,,2.0,0.0,,,,,,,,,,,,,,,,,,,,,,,,,,,,,,,,,,,,,1,,,,,,,6.0,1.0,,,,,6.0,1.0,6.0,1.0,,,,,,,,,,,,,,,,,,,,,,,,,,,1.0,0.0,,,,,,,,,,,,,,,,,,,,,,,,,6.0,1.0,6,6
upeki_pretest_3_72,0,,,,,,,,,,,5.0,1.0,,,,,,,,,,,,,,,,,,,,,,,,,2.0,0.0,,,4.0,1.0,,,,,,,,,,,,,5.0,1.0,,,,,,,,,,,,,,,5.0,1.0,,,,,1,,,,,,,,,,,6.0,1.0,6.0,1.0,,,,,,,6.0,1.0,,,,,,,,,,,,,,,5.0,1.0,,,,,,,,,,,,,3.0,0.0,,,,,,,,,,,,,,,,,,,4,4
upeki_pretest_3_73,1,,,5.0,1.0,,,,,,,5.0,1.0,,,,,,,,,,,,,5.0,1.0,5.0,1.0,,,,,,,,,,,,,,,,,,,,,,,,,,,1.0,0.0,,,,,,,,,,,,,,,,,,,,,1,,,,,,,,,1.0,1.0,,,,,,,,,,,,,,,,,,,,,,,,,5.0,0.0,,,,,,,5.0,0.0,,,,,,,,,,,,,,,,,,,,,,,1.0,1.0,,,6,6
upeki_pretest_3_74,1,,,,,,,,,,,,,,,,,,,,,,,,,,,,,6.0,1.0,,,,,,,6.0,1.0,,,,,1.0,0.0,,,6.0,1.0,,,,,,,4.0,0.0,,,,,,,,,,,,,,,,,,,,,1,,,,,,,6.0,1.0,,,,,,,,,,,,,,,,,,,,,,,,,,,,,,,,,,,,,,,,,,,,,0.0,0.0,,,,,4.0,1.0,,,,,,,,,,,6,6
upeki_pretest_3_75,1,,,,,,,,,,,,,,,,,5.0,1.0,,,,,,,5.0,1.0,,,6.0,1.0,,,,,,,,,,,,,,,,,,,1.0,0.0,,,,,,,,,,,,,,,,,,,,,,,,,,,1,,,,,,,,,,,,,,,,,,,,,,,,,,,6.0,1.0,,,,,,,1.0,0.0,,,,,0.0,0.0,,,,,,,,,,,,,0.0,0.0,,,,,,,,,,,,,,,6,6
upeki_pretest_3_76,1,,,,,4.0,1.0,,,,,,,,,,,,,,,,,,,,,,,,,,,4.0,1.0,,,6.0,1.0,,,5.0,0.0,,,,,,,,,,,,,,,,,5.0,1.0,,,,,,,,,,,,,,,,,1,,,5.0,1.0,,,,,4.0,1.0,,,,,,,,,,,,,,,5.0,1.0,,,5.0,1.0,,,,,,,,,,,,,,,,,,,,,,,,,,,,,,,,,,,,,,,5.0,1.0,4,5
upeki_pretest_3_77,1,,,,,,,,,3.0,0.0,,,,,,,5.0,1.0,,,,,,,2.0,1.0,,,,,,,,,,,,,,,,,,,,,,,,,,,,,,,,,,,,,,,,,,,,,,,2.0,0.0,1.0,0.0,0,,,,,,,,,,,,,,,,,,,,,4.0,1.0,,,,,,,3.0,1.0,,,,,0.0,0.0,,,,,,,,,,,,,,,,,,,,,,,,,1.0,0.0,,,,,,,,,4,5
upeki_pretest_3_78,0,,,3.0,0.0,3.0,1.0,,,,,,,,,3.0,1.0,,,,,,,,,,,,,,,,,,,,,,,,,,,,,,,,,,,,,,,,,3.0,0.0,3.0,1.0,,,,,,,,,,,,,,,,,0,,,,,,,,,,,,,,,,,,,,,,,,,,,,,,,,,,,,,,,3.0,0.0,3.0,0.0,,,,,2.0,1.0,,,,,,,,,,,,,,,,,4.0,1.0,,,,,3,3
upeki_pretest_3_79,0,,,,,,,,,,,,,,,6.0,1.0,,,,,,,,,,,,,,,,,,,,,,,,,,,,,,,,,,,,,,,,,,,,,,,5.0,0.0,5.0,1.0,,,,,3.0,0.0,,,,,1,,,,,,,4.0,0.0,6.0,1.0,,,,,,,,,,,,,,,,,,,,,,,,,,,1.0,0.0,,,,,,,,,,,,,,,,,,,,,,,,,,,,,,,,,2,6
upeki_pretest_3_81,1,,,6.0,1.0,,,,,,,,,,,,,,,,,,,,,,,,,1.0,1.0,,,,,,,,,,,,,,,,,,,6.0,1.0,,,5.0,0.0,,,0.0,0.0,,,,,,,,,,,,,,,,,,,0,,,6.0,1.0,,,,,,,,,,,,,,,,,,,6.0,1.0,,,,,,,,,,,4.0,0.0,,,3.0,0.0,,,,,,,,,1.0,0.0,,,,,,,,,,,,,,,,,,,,,6,6
upeki_pretest_3_82,1,,,5.0,1.0,,,,,5.0,1.0,,,,,,,,,,,,,,,,,,,,,,,4.0,1.0,,,,,,,,,,,,,,,,,,,,,,,1.0,0.0,,,,,,,,,,,,,,,,,1.0,0.0,1,5.0,1.0,5.0,1.0,,,,,,,,,,,2.0,1.0,,,,,,,6.0,1.0,,,,,,,,,,,,,,,,,,,,,,,,,0.0,0.0,,,,,,,,,,,,,,,,,,,,,6,6
upeki_pretest_3_85,1,,,,,,,,,6.0,1.0,,,,,,,,,,,,,,,,,,,,,,,,,6.0,1.0,1.0,0.0,,,1.0,0.0,,,,,,,1.0,0.0,,,,,,,,,,,,,,,,,,,,,,,,,,,1,,,,,,,,,,,,,,,,,,,6.0,1.0,,,,,,,,,,,,,,,,,0.0,0.0,,,,,,,1.0,0.0,,,,,,,0.0,0.0,,,,,,,,,,,,,,,,,6,6
upeki_pretest_3_86,1,,,,,,,,,,,,,,,,,,,,,,,,,,,,,,,,,2.0,0.0,,,,,,,2.0,1.0,,,,,0.0,0.0,,,0.0,1.0,,,,,1.0,0.0,,,,,,,,,,,,,,,,,,,0,,,,,,,2.0,0.0,,,,,,,,,,,,,,,2.0,0.0,,,,,,,,,3.0,1.0,,,,,,,,,,,,,,,,,,,,,,,3.0,1.0,,,,,,,,,,,,,2,3
upeki_pretest_3_87,1,,,,,,,,,,,,,,,2.0,0.0,,,,,,,,,5.0,1.0,,,,,0.0,0.0,,,,,,,,,,,,,,,,,,,5.0,1.0,,,,,,,,,,,,,,,,,4.0,0.0,,,,,,,0,,,,,,,2.0,0.0,6.0,1.0,,,,,5.0,1.0,,,,,,,,,,,,,,,,,,,,,,,,,,,,,,,0.0,0.0,,,,,,,,,,,,,,,,,,,,,,,4,5
upeki_pretest_3_88,0,,,,,,,,,,,,,,,,,,,,,,,,,5.0,0.0,,,,,,,,,,,5.0,0.0,1.0,1.0,,,,,,,,,,,,,,,,,,,1.0,1.0,,,0.0,0.0,,,,,,,,,,,,,1,,,3.0,1.0,,,,,,,,,,,,,,,,,,,,,,,,,3.0,1.0,4.0,0.0,6.0,1.0,,,,,,,,,,,,,,,,,,,,,,,,,,,,,,,,,,,,,4,3
upeki_pretest_3_89,1,,,,,,,,,,,,,,,,,,,,,,,4.0,1.0,,,,,,,,,,,,,,,,,4.0,1.0,4.0,1.0,,,,,,,,,,,,,,,,,4.0,1.0,,,,,,,,,,,,,3.0,0.0,1,,,,,,,,,,,4.0,1.0,5.0,1.0,,,,,,,,,,,4.0,1.0,,,,,,,1.0,1.0,,,,,,,,,,,,,,,,,,,,,,,,,3.0,0.0,,,,,,,,,,,2,5
upeki_pretest_3_92,0,,,5.0,1.0,5.0,0.0,,,,,,,4.0,1.0,,,,,,,,,,,,,,,,,,,,,,,,,,,,,,,,,,,,,,,,,3.0,1.0,,,,,,,,,,,,,,,,,3.0,1.0,,,1,,,,,,,,,4.0,1.0,,,,,4.0,0.0,,,,,,,,,,,,,,,,,3.0,0.0,,,,,1.0,0.0,,,,,,,,,,,,,,,,,,,,,,,,,,,,,,,4,5
upeki_pretest_3_93,1,,,,,,,4.0,0.0,5.0,1.0,3.0,1.0,,,,,,,,,,,,,,,,,,,,,,,,,,,,,,,,,,,,,2.0,0.0,,,,,,,,,,,,,,,,,,,,,,,,,2.0,0.0,1,,,3.0,1.0,,,6.0,1.0,,,,,,,,,,,,,,,,,,,,,,,,,,,,,,,0.0,0.0,,,,,,,,,,,,,0.0,0.0,,,,,,,2.0,0.0,,,,,,,,,3,6
upeki_pretest_3_94,0,,,,,,,,,,,5.0,1.0,2.0,1.0,,,,,,,,,,,,,,,,,,,,,,,,,,,,,,,,,,,,,1.0,0.0,5.0,1.0,4.0,0.0,,,,,,,,,,,,,,,,,,,,,1,,,3.0,1.0,,,,,,,,,,,,,4.0,0.0,,,,,,,6.0,1.0,,,,,,,,,,,,,,,,,,,,,0.0,0.0,,,4.0,0.0,,,,,,,,,,,,,,,,,,,1,5
upeki_pretest_3_95,0,,,,,,,,,,,,,,,,,,,4.0,0.0,,,,,,,3.0,0.0,,,,,,,,,6.0,1.0,,,,,4.0,1.0,,,,,,,,,,,,,,,,,,,,,3.0,1.0,,,,,,,,,,,1,6.0,1.0,,,,,,,6.0,1.0,,,,,6.0,1.0,,,6.0,1.0,,,,,,,,,,,,,,,,,,,,,0.0,0.0,,,,,,,,,,,,,,,,,,,,,,,,,,,,,3,6
upeki_pretest_3_96,1,,,,,,,,,,,,,,,,,,,,,,,2.0,0.0,,,,,,,,,2.0,0.0,,,,,,,,,4.0,1.0,,,,,,,,,,,,,,,,,,,,,,,5.0,1.0,,,,,,,3.0,1.0,1,,,,,,,,,,,,,,,,,4.0,1.0,,,4.0,1.0,5.0,1.0,,,,,,,,,,,,,,,,,,,,,,,,,,,,,,,,,4.0,1.0,,,,,,,,,,,,,2,5
upeki_pretest_3_97,0,5.0,1.0,,,4.0,0.0,,,,,,,,,,,,,,,4.0,0.0,,,,,,,4.0,0.0,,,,,,,,,,,,,,,,,,,,,,,,,,,,,,,,,,,,,,,,,,,,,,,1,,,,,,,4.0,1.0,,,5.0,1.0,,,,,,,,,,,,,,,,,4.0,1.0,,,,,,,,,,,,,,,,,,,,,,,,,0.0,0.0,5.0,0.0,,,,,,,,,,,,,5,6
upeki_pretest_3_98,1,,,,,6.0,1.0,6.0,1.0,,,,,,,,,,,,,,,,,6.0,1.0,,,6.0,1.0,,,,,,,6.0,1.0,,,,,,,,,,,,,,,,,,,,,,,,,,,,,,,,,,,,,,,1,,,,,,,,,,,,,,,,,,,,,4.0,1.0,,,,,,,,,6.0,1.0,,,,,,,0.0,0.0,,,,,,,,,,,,,,,,,,,6.0,1.0,,,,,,,,,,,6,6
upeki_pretest_3_99,1,,,,,,,,,,,,,,,,,,,,,,,,,,,,,,,,,,,,,,,,,,,2.0,0.0,,,,,4.0,0.0,,,2.0,0.0,,,,,,,,,,,,,,,,,,,4.0,0.0,1.0,0.0,1,,,,,,,,,,,,,,,,,,,,,,,,,,,,,5.0,1.0,,,,,0.0,0.0,,,,,0.0,0.0,,,,,,,,,0.0,0.0,,,,,,,,,,,,,,,,,,,1,2
